# RS_fpr;RS_tpr;CS_fpr;CS_tpr;LS_fpr;LS_tpr;MS_fpr;MS_tpr;PS_fpr;PS_tpr;HS:1:0_fpr;HS:1:0_tpr;c1_s1000_fpfhs_r5_d2_K100_i0_hier_fpr;c1_s1000_fpfhs_r5_d2_K100_i0_hier_tpr;c20_s1000_fpfhs_r10_d2_K100_i0_hier_fpr;c20_s1000_fpfhs_r10_d2_K100_i0_hier_tpr;c20_s1000_fpfhs_r3_d2_K100_i0_hier_fpr;c20_s1000_fpfhs_r3_d2_K100_i0_hier_tpr;c20_s1000_fpfhs_r3_r5_d2_K100_i0_hier_fpr;c20_s1000_fpfhs_r3_r5_d2_K100_i0_hier_tpr;c20_s1000_fpfhs_r5_d0_K100_i0_fpr;c20_s1000_fpfhs_r5_d0_K100_i0_tpr;c20_s1000_fpfhs_r5_d0_K100_i0_hier_fpr;c20_s1000_fpfhs_r5_d0_K100_i0_hier_tpr;c20_s1000_fpfhs_r5_d1_K100_i0_fpr;c20_s1000_fpfhs_r5_d1_K100_i0_tpr;c20_s1000_fpfhs_r5_d1_K100_i0_hier_fpr;c20_s1000_fpfhs_r5_d1_K100_i0_hier_tpr;c20_s1000_fpfhs_r5_d2_K100_i0_hier_fpr;c20_s1000_fpfhs_r5_d2_K100_i0_hier_tpr;c20_s1000_fpfhs_r5_d2_K100_i1_hier_fpr;c20_s1000_fpfhs_r5_d2_K100_i1_hier_tpr;c20_s1000_fpfhs_r5_d2_K100_i2_hier_fpr;c20_s1000_fpfhs_r5_d2_K100_i2_hier_tpr;c20_s1000_fpfhs_r5_d2_K100_i3_hier_fpr;c20_s1000_fpfhs_r5_d2_K100_i3_hier_tpr;c20_s1000_fpfhs_r5_d2_K200_i0_hier_fpr;c20_s1000_fpfhs_r5_d2_K200_i0_hier_tpr;c20_s1000_fpfhs_r5_d2_K500_i0_hier_fpr;c20_s1000_fpfhs_r5_d2_K500_i0_hier_tpr;c20_s1000_fpfhs_r5_d2_K50_i0_hier_fpr;c20_s1000_fpfhs_r5_d2_K50_i0_hier_tpr;c20_s1000_fpfhs_r5_d2_K800_i0_hier_fpr;c20_s1000_fpfhs_r5_d2_K800_i0_hier_tpr;c20_s1000_pfhs_r5_d0_K100_i0_hier_fpr;c20_s1000_pfhs_r5_d0_K100_i0_hier_tpr;c20_s1000_pfhs_r5_d2_K100_i0_hier_fpr;c20_s1000_pfhs_r5_d2_K100_i0_hier_tpr;c20_s100_fpfhs_r5_d2_K100_i0_hier_fpr;c20_s100_fpfhs_r5_d2_K100_i0_hier_tpr;c20_s10_fpfhs_r5_d2_K100_i0_hier_fpr;c20_s10_fpfhs_r5_d2_K100_i0_hier_tpr;c20_s2000_fpfhs_r5_d2_K100_i0_hier_fpr;c20_s2000_fpfhs_r5_d2_K100_i0_hier_tpr;c20_s500_fpfhs_r5_d2_K100_i0_hier_fpr;c20_s500_fpfhs_r5_d2_K100_i0_hier_tpr;c20_s50_fpfhs_r5_d2_K100_i0_hier_fpr;c20_s50_fpfhs_r5_d2_K100_i0_hier_tpr;c400_s1000_fpfhs_r5_d2_K100_i0_hier_fpr;c400_s1000_fpfhs_r5_d2_K100_i0_hier_tpr;c400_s1000_fpfhs_r5_d2_K800_i0_hier_fpr;c400_s1000_fpfhs_r5_d2_K800_i0_hier_tpr
1.000000000000000000e+00;1.000000000000000000e+00;1.000000000000000000e+00;1.000000000000000000e+00;1.000000000000000000e+00;1.000000000000000000e+00;1.000000000000000000e+00;1.000000000000000000e+00;1.000000000000000000e+00;1.000000000000000000e+00;1.000000000000093037e+00;1.000000000000093037e+00;1.000000000000000000e+00;1.000000000000000000e+00;1.000000000000000000e+00;1.000000000000000000e+00;1.000000000000000000e+00;1.000000000000000000e+00;1.000000000000000000e+00;1.000000000000000000e+00;1.000000000000000000e+00;1.000000000000000000e+00;1.000000000000000000e+00;1.000000000000000000e+00;1.000000000000000000e+00;1.000000000000000000e+00;1.000000000000000000e+00;1.000000000000000000e+00;1.000000000000000000e+00;1.000000000000000000e+00;1.000000000000000000e+00;1.000000000000000000e+00;1.000000000000000000e+00;1.000000000000000000e+00;1.000000000000000000e+00;1.000000000000000000e+00;1.000000000000000000e+00;1.000000000000000000e+00;1.000000000000000000e+00;1.000000000000000000e+00;1.000000000000000000e+00;1.000000000000000000e+00;1.000000000000000000e+00;1.000000000000000000e+00;1.000000000000000000e+00;1.000000000000000000e+00;1.000000000000000000e+00;1.000000000000000000e+00;1.000000000000000000e+00;1.000000000000000000e+00;1.000000000000000000e+00;1.000000000000000000e+00;1.000000000000000000e+00;1.000000000000000000e+00;1.000000000000000000e+00;1.000000000000000000e+00;1.000000000000000000e+00;1.000000000000000000e+00;1.000000000000000000e+00;1.000000000000000000e+00;1.000000000000000000e+00;1.000000000000000000e+00
1.000000000000000000e+00;1.000000000000000000e+00;1.000000000000000000e+00;1.000000000000000000e+00;1.000000000000000000e+00;1.000000000000000000e+00;1.000000000000000000e+00;1.000000000000000000e+00;1.000000000000000000e+00;1.000000000000000000e+00;1.000000000000093037e+00;1.000000000000093037e+00;1.000000000000000000e+00;1.000000000000000000e+00;1.000000000000000000e+00;1.000000000000000000e+00;1.000000000000000000e+00;1.000000000000000000e+00;9.975000000000000533e-01;9.975000000000000533e-01;9.975000000000000533e-01;9.975000000000000533e-01;9.975000000000000533e-01;9.975000000000000533e-01;1.000000000000000000e+00;1.000000000000000000e+00;9.975000000000000533e-01;9.975000000000000533e-01;9.975000000000000533e-01;9.975000000000000533e-01;9.975000000000000533e-01;9.975000000000000533e-01;9.975000000000000533e-01;9.975000000000000533e-01;1.000000000000000000e+00;1.000000000000000000e+00;1.000000000000000000e+00;1.000000000000000000e+00;1.000000000000000000e+00;1.000000000000000000e+00;1.000000000000000000e+00;1.000000000000000000e+00;1.000000000000000000e+00;1.000000000000000000e+00;9.975000000000000533e-01;9.975000000000000533e-01;9.975000000000000533e-01;9.975000000000000533e-01;1.000000000000000000e+00;1.000000000000000000e+00;1.000000000000000000e+00;1.000000000000000000e+00;9.975000000000000533e-01;9.975000000000000533e-01;9.975000000000000533e-01;9.975000000000000533e-01;9.975000000000000533e-01;9.975000000000000533e-01;1.000000000000000000e+00;1.000000000000000000e+00;9.975000000000000533e-01;9.975000000000000533e-01
1.314055064493613312e-01;1.306120460573727271e-01;1.258884183532980594e-01;3.291783679538868301e-01;1.274819363463367827e-01;3.710496296205375577e-01;1.327809607248776891e-01;2.653913631243680626e-01;1.306734032654578992e-01;3.366090226973431632e-01;5.502073712098351499e-02;2.288525676135674536e-01;1.408388990709466826e-01;3.187544414555036898e-01;1.360923171431640821e-01;3.036504666426803056e-01;1.475102912877167827e-01;3.450641996858052618e-01;1.295478313945623294e-01;3.305622132279087411e-01;1.543065040529583709e-01;3.181639837288240957e-01;1.292896172545674460e-01;3.243406153355371524e-01;1.663020875873142679e-01;2.786791717348447994e-01;1.580193505408203081e-01;2.763225059899998559e-01;1.279124252977134057e-01;3.279263721107579799e-01;1.349361488214544935e-01;3.341138571403189372e-01;1.366421874718996565e-01;3.373080496644909054e-01;1.364778444298349602e-01;3.067779866043108816e-01;1.322388836975951221e-01;3.280532724456275973e-01;1.438876262188920341e-01;3.066653711648371639e-01;1.577408299989679630e-01;2.882522364604114262e-01;1.638843802440580477e-01;2.804138539464276492e-01;1.304848994657153705e-01;3.400122913361919297e-01;1.316656135834172181e-01;3.391989525910916181e-01;1.387735350290318637e-01;3.197105196112104419e-01;1.712896882884488714e-01;2.098469530679027140e-01;1.274067555292468512e-01;3.299895914535019292e-01;1.312444484269505995e-01;3.319531240992577015e-01;1.461144149921810020e-01;3.004821972083243642e-01;1.307833436738171651e-01;3.353776247357951878e-01;1.732523230930716474e-01;2.441917526464588428e-01
5.986941537049975115e-02;5.883512186142111910e-02;5.624153960573004263e-02;2.115660317471201035e-01;5.712088993819278149e-02;2.412110882697576508e-01;6.093375971951672798e-02;1.490890506951364491e-01;5.943077794166584660e-02;2.147309833523184941e-01;4.283248629282181141e-02;2.060278558667311133e-01;6.741019856011874756e-02;2.112306214928729720e-01;6.155924837106276776e-02;1.997374261921294469e-01;7.373630556253008006e-02;2.316207918269524713e-01;5.958954145383837941e-02;2.212143073507740754e-01;7.671124290748417007e-02;2.150050522577789947e-01;5.762513633126951917e-02;2.171447640916705502e-01;9.885811782546445603e-02;1.947063109967780981e-01;9.447265295285096898e-02;1.944058886216126214e-01;5.860097772822778217e-02;2.201398417646871497e-01;5.799469558186611667e-02;2.200482656074162768e-01;6.448058997533683001e-02;2.247319160972987839e-01;6.432767797446714564e-02;2.001618161207186775e-01;6.215732630429790517e-02;2.189872454519709022e-01;7.384516592359155474e-02;2.120306386478499061e-01;9.694654172395035518e-02;2.110837332487004725e-01;9.441765449718809988e-02;1.972650480787866145e-01;5.998912390951276208e-02;2.243150094339726730e-01;6.155493214158795634e-02;2.260910703992730919e-01;6.753906775449820821e-02;2.121983742680271234e-01;9.299002055600501249e-02;1.215650937576790713e-01;5.826278291572527246e-02;2.204285025076407611e-01;6.057439339519305604e-02;2.217380173208997329e-01;7.616536687605873768e-02;1.891138200493926724e-01;6.006063415329710581e-02;2.215195120389323591e-01;1.140887510902841157e-01;1.717142865876730429e-01
3.567764215757778662e-02;3.492625992930403767e-02;3.332425445731362901e-02;1.591649615595102374e-01;3.373860042422471145e-02;1.788359297489622857e-01;3.617618972668339150e-02;1.046503623783424097e-01;3.569757946910591395e-02;1.566704674462873204e-01;3.110660681859846177e-02;1.740379168810336219e-01;4.444203836137462088e-02;1.565106121418944063e-01;3.826884061304061668e-02;1.519448418409888868e-01;4.573852013309227804e-02;1.757757543855959503e-01;3.614105872911865802e-02;1.681235253047858869e-01;4.861860129916510675e-02;1.625696173378371745e-01;3.472622329702974853e-02;1.635823827084376958e-01;7.497621276877806940e-02;1.499801299990645986e-01;6.981482751392319164e-02;1.480562331240354579e-01;3.572213674998055144e-02;1.652819625755321264e-01;3.523266668273258156e-02;1.647625541518619174e-01;3.688053929033852790e-02;1.673644396847964178e-01;4.044878144252019719e-02;1.496069799463105587e-01;3.881772083813062740e-02;1.643839460883968762e-01;4.769790885289044990e-02;1.603682198092841182e-01;7.588148612158106265e-02;1.650690775462941573e-01;6.497093088532518435e-02;1.521958124135143198e-01;3.604860310354664199e-02;1.656023098982114250e-01;3.720310839236951744e-02;1.658393731630969370e-01;4.305978289761459854e-02;1.547654574612156719e-01;6.014951213207285485e-02;7.670615630737344370e-02;3.550024475951024661e-02;1.673437347358169014e-01;3.620595397018330774e-02;1.643436826239604298e-01;5.068005516294435409e-02;1.327631775447617735e-01;3.738239084017109387e-02;1.654574896999845279e-01;9.574337362220113057e-02;1.376169854850032848e-01
2.489287661461355924e-02;2.441870111168962382e-02;2.305290410559463279e-02;1.281045221453050165e-01;2.318038916218598255e-02;1.418031490338969858e-01;2.489776467354229417e-02;8.165072464680951658e-02;2.489720790337697151e-02;1.231363680385792608e-01;2.202925906300036429e-02;1.424405557185202398e-01;3.265343121588446668e-02;1.244286562790580253e-01;2.762971146946506876e-02;1.232093377476823765e-01;3.382102066039145705e-02;1.435204912909044950e-01;2.552854147322236589e-02;1.358284972615129982e-01;3.599130316041986716e-02;1.318633744071312508e-01;2.432332228051413067e-02;1.315542146126068568e-01;6.196727625319735366e-02;1.247048818490487099e-01;5.983625541181009089e-02;1.213515112986199296e-01;2.529841687795988947e-02;1.323456121427935006e-01;2.494666032467169475e-02;1.320694271910851092e-01;2.509396150016184393e-02;1.338098563163948596e-01;2.935923302295432094e-02;1.192787838803251732e-01;2.825331727784777952e-02;1.309710230551920651e-01;3.668792919477136677e-02;1.295377422781280874e-01;6.642734984561290967e-02;1.362809345620603074e-01;4.800940954386569842e-02;1.230324806431741524e-01;2.556693696785163408e-02;1.312097326354088322e-01;2.632542218547618759e-02;1.297132033976192700e-01;3.162109608585962628e-02;1.192079835993360565e-01;4.569350347297784082e-02;5.777822812316526363e-02;2.531168016504868959e-02;1.350066560613688016e-01;2.545246010475336884e-02;1.318406715580596744e-01;4.015227106198862583e-02;1.026428719877015838e-01;2.726573934104820768e-02;1.313566477696389567e-01;8.173696545593556184e-02;1.163093386069468244e-01
1.888401095213053382e-02;1.855524784305615307e-02;1.709709723794778854e-02;1.052458528865457266e-01;1.723213172372685398e-02;1.168804342232484528e-01;1.854620244306590809e-02;6.735564729683873875e-02;1.872443406570661883e-02;1.002630130330100233e-01;1.646703371159605189e-02;1.188481967582360743e-01;2.670981481299470467e-02;1.031341160465617246e-01;2.192345397188403405e-02;1.035848377628026812e-01;2.769639276197379679e-02;1.216968067298365985e-01;1.951873666675552066e-02;1.136780236939055611e-01;2.471630304796058539e-02;1.085436474941794127e-01;1.842912067116019015e-02;1.086957468584552611e-01;5.546963978194672379e-02;1.052868450393327077e-01;5.366621351419629399e-02;1.018380680542990968e-01;1.945986256551820656e-02;1.105647815329434402e-01;1.912715368240615332e-02;1.100972808613156356e-01;1.935889745694063455e-02;1.115882255785521499e-01;2.322490473687901374e-02;9.848411882513347093e-02;2.212950845344455533e-02;1.087661810092238057e-01;3.039733681946376817e-02;1.075300874770395293e-01;6.083817191330370688e-02;1.154304248451072934e-01;3.962638694474757139e-02;1.038900046118522991e-01;1.954314201150445657e-02;1.067599480092326775e-01;2.036627732702152999e-02;1.059543399648477657e-01;2.462312761312711665e-02;9.612799655500818552e-02;3.748472061221527069e-02;4.727023192754921388e-02;1.932809948396294400e-02;1.127563028941571538e-01;1.960219176537356459e-02;1.095076346936365019e-01;3.347041720896926781e-02;8.311643622056942571e-02;2.154948272072698331e-02;1.069300437360868189e-01;6.918558381638584276e-02;1.000604111329812251e-01
1.497964793918336174e-02;1.474204798382611897e-02;1.323857034553441343e-02;8.897282542503850977e-02;1.330839149224131296e-02;9.690899855365796289e-02;1.436763897687255362e-02;5.657426348084246964e-02;1.472375869946070809e-02;8.300999931056503300e-02;1.281182783071739203e-02;1.004896183121599118e-01;2.287218414346610038e-02;8.867210203541535385e-02;1.836718403783618725e-02;8.915503425718900032e-02;2.313888152901120640e-02;1.040130556230779157e-01;1.566191904769146520e-02;9.697407571904209656e-02;1.837110204369344496e-02;9.132611720771457997e-02;1.465337829391452455e-02;9.158029799437664153e-02;5.050571579878154055e-02;9.061380916836180022e-02;4.908327207785565666e-02;8.764605867283979668e-02;1.569534021278177691e-02;9.408797622501362257e-02;1.526233398598716637e-02;9.455255178595434185e-02;1.559530401291237510e-02;9.531234855661761818e-02;1.922628734274057713e-02;8.308992561439448865e-02;1.821732474207873875e-02;9.219487225711393841e-02;2.652502903114731594e-02;9.103789481972801578e-02;5.724842185809397854e-02;1.003061722365844038e-01;3.397231071486586651e-02;8.866880971682453150e-02;1.565787833814568861e-02;8.895893771464319366e-02;1.646248064340221848e-02;8.922046071572684034e-02;2.016288485071965689e-02;8.008607297033684680e-02;3.175590283843247180e-02;3.938725809702392500e-02;1.549324053722048351e-02;9.597331736094712185e-02;1.583277409653173137e-02;9.314408110417944642e-02;2.896455187520995123e-02;6.968240774955891670e-02;1.790208553253887919e-02;8.943140224943210703e-02;5.858123381744666930e-02;8.533301384080616003e-02
1.187470825320414113e-02;1.162582325740737013e-02;1.055354838245500457e-02;7.548552275605631412e-02;1.059851130505102580e-02;8.163811057200817678e-02;1.150770273751068606e-02;4.761074664235932785e-02;1.196520577189420266e-02;7.009195846271057406e-02;1.028047541767110155e-02;8.594213781995231616e-02;2.018054401290607716e-02;7.693120792686733433e-02;1.585121821333281694e-02;7.824795064827601287e-02;2.036029359028344865e-02;9.081980377456072562e-02;1.299444160662388374e-02;8.371692488642079599e-02;1.515181279205395776e-02;7.901110027038882322e-02;1.197141589994739526e-02;7.893272487548656791e-02;4.658173477937352369e-02;7.956938304077282309e-02;4.491578829312271176e-02;7.668845594399079091e-02;1.303981312991992110e-02;8.120319064922165708e-02;1.263786220127128580e-02;8.205500939405030447e-02;1.284884508169418377e-02;8.251886909302004469e-02;1.643933351236424173e-02;7.223217835232700890e-02;1.548920906667586132e-02;7.968778736305816290e-02;2.368903246714355870e-02;7.866871770062260072e-02;5.419589761989325460e-02;8.854674823726753352e-02;2.816111813861938568e-02;7.661043323642044434e-02;1.291761275330467230e-02;7.559278958174106555e-02;1.369162089501946809e-02;7.633615636803195437e-02;1.697421351367769254e-02;6.839771883212647507e-02;2.784971591052408380e-02;3.437120722267162504e-02;1.277279945367512486e-02;8.290256953673189044e-02;1.317607263672612196e-02;7.987692277280618314e-02;2.547749366351260633e-02;6.008773837247004951e-02;1.534068489609051456e-02;7.660031650438497985e-02;5.358677007937209108e-02;7.673649684725653008e-02
1.011823963515818409e-02;9.919656697698116948e-03;8.507786754287816056e-03;6.416479235592613406e-02;8.563803350231449785e-03;6.967160075716619105e-02;9.363397070219320675e-03;4.086740616835690676e-02;9.862640973358014623e-03;5.938506396946266475e-02;8.350481568983360303e-03;7.343926139259221442e-02;1.731189338642351652e-02;6.709817788581361186e-02;1.396681642744362906e-02;6.909637984273937772e-02;1.839387038525245460e-02;8.002199939896975645e-02;1.091333382424520410e-02;7.253234010791052844e-02;1.318232088229795082e-02;6.897943084379649925e-02;1.003382939973086405e-02;6.884998687474955248e-02;4.266764419046968626e-02;6.964988367340679831e-02;4.282059490230299970e-02;6.743526602736069075e-02;1.103929255287614680e-02;6.999923279281117239e-02;1.068937309030201614e-02;7.094280876143513326e-02;1.091660465047447973e-02;7.219707899254299011e-02;1.437199008767713927e-02;6.289163259639729553e-02;1.347969355577777195e-02;6.871918761697273781e-02;2.145809232320671292e-02;6.790272657424271940e-02;5.223421462948905220e-02;7.957373802537326402e-02;2.172452705830428890e-02;6.546029156200977583e-02;1.088349273059548150e-02;6.451895436635993186e-02;1.174596570852963831e-02;6.635563794218556077e-02;1.442207819458924366e-02;5.875328928480990504e-02;2.445943071505143201e-02;2.990204239478381001e-02;1.079380470065158942e-02;7.209609335364614013e-02;1.115456150387621539e-02;6.912338001836827728e-02;2.339153641662627958e-02;5.304339856125654673e-02;1.338774400689809498e-02;6.591210597633931356e-02;4.961186509816426643e-02;6.935857279344624648e-02
9.109622909203125493e-03;8.875240792738971207e-03;6.927053888995713705e-03;5.432620838454868539e-02;6.964739577952647719e-03;5.900090826484959833e-02;7.687896518200169893e-03;3.524302685166860044e-02;8.088741249658528212e-03;5.002413807993082162e-02;6.859398364662014184e-03;6.266631895213618797e-02;1.577722352721392524e-02;5.929671899125978085e-02;1.240036563064126837e-02;6.066651601429561697e-02;1.679299792981507958e-02;7.082342380015099748e-02;9.334723465808545881e-03;6.245382335905002441e-02;1.160416805875260499e-02;6.014628827205699413e-02;8.480049504499488980e-03;6.024303938953580462e-02;3.980403296927227663e-02;6.161110444439756029e-02;3.990569143229470012e-02;5.890706729449944612e-02;9.386325487386590338e-03;6.078643271632008793e-02;9.148538505468130355e-03;6.188866942916572411e-02;9.413575771803305708e-03;6.287342861030892349e-02;1.274574575109335174e-02;5.514007270411895589e-02;1.190143538706391751e-02;5.950869075776731715e-02;1.963432562059929873e-02;5.879398014816897278e-02;5.033515956250578932e-02;7.184907978185026134e-02;1.797208095671067735e-02;5.584018301581083338e-02;9.272771849799859786e-03;5.496101919285920762e-02;1.010345654319932951e-02;5.715786880614325688e-02;1.269377730425132363e-02;5.075712702952867028e-02;2.220744877057542407e-02;2.714477417452030791e-02;9.190935653281872078e-03;6.230729443982716692e-02;9.585159445552925497e-03;5.971901702665010497e-02;2.172249382633923906e-02;4.714034555694003592e-02;1.186123689321348651e-02;5.682266791025467750e-02;4.794325860871686412e-02;6.322719260860991397e-02
8.245753015463937186e-03;8.105155454498033998e-03;5.665342776703916755e-03;4.562602320193351324e-02;5.666537721859334596e-03;4.985610394611373480e-02;6.319387295814562176e-03;2.997070266219087689e-02;6.673122622637647251e-03;4.176544319534503807e-02;5.648693640901170446e-03;5.263185903111293473e-02;1.453815499985528815e-02;5.234229700655602252e-02;1.116805407580854885e-02;5.373314326174756517e-02;1.547299668397342925e-02;6.212214502006568190e-02;7.792420589231225866e-03;5.362472544281524089e-02;1.022932460915321022e-02;5.225908843851771041e-02;7.163593635662591358e-03;5.212494939020695384e-02;3.708406866569147892e-02;5.390988546906878842e-02;3.636607421248008037e-02;5.182448905026847824e-02;7.903362258402562082e-03;5.230077088037887040e-02;7.870936293539063100e-03;5.409393043074423035e-02;8.152231647118873478e-03;5.482411793560100499e-02;1.139706720267034609e-02;4.839532718614161094e-02;1.060264971389047670e-02;5.143899211729746623e-02;1.585566756935469571e-02;5.019240154386807318e-02;4.826151874603982345e-02;6.453775236594250231e-02;1.493203695312724302e-02;4.738211336323930323e-02;7.948918398642578279e-03;4.681763680713676989e-02;8.756971575155968537e-03;4.939795829847180159e-02;1.134055966980508298e-02;4.434887921615013329e-02;2.036222582636670886e-02;2.481558390206349204e-02;7.858850525351306418e-03;5.361156766575168181e-02;8.325500729757911653e-03;5.144680508798851748e-02;2.006138124949132656e-02;4.171512667664907525e-02;1.060309549840173643e-02;4.883776262482560082e-02;4.643487049827121210e-02;5.776358114095179325e-02
7.461111715376775484e-03;7.405846724431188431e-03;4.592535656072408226e-03;3.828251528656283209e-02;4.543964529889248094e-03;4.155381307590560319e-02;5.150926274230161264e-03;2.534124203136711370e-02;5.510545189910676968e-03;3.483323072947055316e-02;4.659158601674865362e-03;4.369432015016712356e-02;1.347709872064304856e-02;4.587347670769771624e-02;1.011399205915699921e-02;4.748829825341334410e-02;1.440023988482407556e-02;5.441620805736557126e-02;6.683345211096348992e-03;4.564029060713650082e-02;8.964781879606359763e-03;4.444325311565570924e-02;6.069123705152871043e-03;4.483557533264780764e-02;3.373972009607175554e-02;4.740017543469349226e-02;3.176120362448019846e-02;4.498139028179909404e-02;6.846435832382550581e-03;4.457542667046961171e-02;6.854663440253807791e-03;4.682549550451584053e-02;7.136652648440412749e-03;4.767353991843598093e-02;1.024579076060536630e-02;4.175215157653372477e-02;9.400482727119513840e-03;4.332978212888173586e-02;1.326440134588040103e-02;4.218949065871014509e-02;4.640137620528157064e-02;5.829896127776013764e-02;1.330236775115986418e-02;4.029151665996486692e-02;6.830653026656799930e-03;3.960198771292738895e-02;7.586304409057737647e-03;4.220897353953047965e-02;1.024570888841914301e-02;3.854093348426811116e-02;1.883444917776871952e-02;2.286517152318301785e-02;6.736868907160675594e-03;4.569205640668910079e-02;7.268604249009705774e-03;4.394944127662726158e-02;1.774122197719508326e-02;3.690694184936375161e-02;9.560063881472680158e-03;4.219358427004484685e-02;3.064258144606752179e-02;4.452421197813026532e-02
6.683264825103848485e-03;6.710159401715146653e-03;3.748837640664322030e-03;3.160396148193571342e-02;3.633412895450059948e-03;3.433262305287745897e-02;4.165132024388627612e-03;2.121914796244131832e-02;4.561853306560694626e-03;2.847566896293872094e-02;3.822426046523331056e-03;3.602635377580633985e-02;1.259281501506038202e-02;4.023326757912364798e-02;9.217413702573413331e-03;4.149127236532487717e-02;1.342651872277374897e-02;4.765832171503697062e-02;5.786383408682338816e-03;3.843628855124751192e-02;8.049630908907333404e-03;3.755544807101629523e-02;5.156765772669318071e-03;3.780229019538698665e-02;3.235420177540877101e-02;4.191908813533903183e-02;3.025029102795597294e-02;3.982840232341369746e-02;5.963033511445885171e-03;3.770853624079822941e-02;6.003934882142842981e-03;4.031546170531860596e-02;6.283241558348746751e-03;4.112089085320581872e-02;9.274886959758765065e-03;3.599903514920947678e-02;8.489846732693288531e-03;3.654255524918834097e-02;1.181318058415671210e-02;3.556943877707492707e-02;4.472653971939474088e-02;5.241065063962014464e-02;1.193472468509784376e-02;3.395503938814748573e-02;5.922070399264635007e-03;3.288750351518091031e-02;6.655814861685212247e-03;3.570885473619324346e-02;9.329366829688290688e-03;3.309214657976925628e-02;1.749193470861256511e-02;2.082727762963625107e-02;5.798273521976354990e-03;3.873664139132428769e-02;6.390143863003953061e-03;3.722419127006522388e-02;1.663446393441911364e-02;3.266174461516866551e-02;8.724293759824905403e-03;3.639816677392430228e-02;1.877186286517081026e-02;3.437667373112390790e-02
5.884446850030405213e-03;5.857591145502823865e-03;2.988181370709826028e-03;2.579299222251796656e-02;2.853032433703253136e-03;2.761266923932870210e-02;3.347421676045023511e-03;1.762879813041177968e-02;3.820085999824446299e-03;2.307009849480308114e-02;3.205851853867101170e-03;2.943448229997334270e-02;1.182959674491237609e-02;3.528978487026934036e-02;8.481059111073621648e-03;3.602085594458279139e-02;1.251352668159332049e-02;4.092465878699783760e-02;5.035705647421295089e-03;3.199813183101486019e-02;6.572461473223701472e-03;3.060334859762608301e-02;4.413972871134389832e-03;3.176670490873886865e-02;2.988449405531694650e-02;3.656995945861410413e-02;2.921047309340538828e-02;3.527709034771590868e-02;5.204971003675983206e-03;3.150938702539804459e-02;5.249919939832269761e-03;3.385465667930743355e-02;5.533723954451177755e-03;3.476562492425528533e-02;8.453008659402497585e-03;3.055749829671703527e-02;7.704162152804339136e-03;3.072167982958915605e-02;1.082584065996987713e-02;2.955937764406955243e-02;4.297263906034128750e-02;4.712088332931922696e-02;1.076733872524547435e-02;2.856935327625184304e-02;5.158652239650740774e-03;2.744799167101712525e-02;5.838408742440610519e-03;2.997144769436323186e-02;8.557517854654023495e-03;2.836038126016147964e-02;1.637968413736106202e-02;1.911277376682482543e-02;5.001669596737629182e-03;3.196467067190519873e-02;5.654139219084235862e-03;3.138326575854349931e-02;1.579037185588026693e-02;2.870074476229957441e-02;8.016400484579173577e-03;3.125027044130497533e-02;1.403023308885879145e-02;2.845443203462951279e-02
5.119290332821131197e-03;5.065707815717318367e-03;2.405065824121735332e-03;2.105340953762356582e-02;2.231950182926781701e-03;2.157353212857600344e-02;2.664760344208364894e-03;1.421379749316815412e-02;3.136968124947423896e-03;1.819262733884971853e-02;2.760313903982422254e-03;2.437319551476576848e-02;1.117258802401331456e-02;3.097250641891048650e-02;7.813697126680056726e-03;3.112759146928104070e-02;1.185959094007336782e-02;3.520274857529320095e-02;4.416210038264550657e-03;2.601239452835779273e-02;5.923440291373567070e-03;2.520823864922819985e-02;3.777862182287172223e-03;2.587099342070338370e-02;2.899987721370711827e-02;3.264084473889374699e-02;2.739339534956123159e-02;3.082334476156635417e-02;4.574527000283263971e-03;2.577198226248324925e-02;4.631349258899768694e-03;2.838147766491052118e-02;4.923500961099176731e-03;2.894975124807443873e-02;7.745274949422426870e-03;2.574068356214822065e-02;7.072047156349898014e-03;2.580677107786651797e-02;9.896568472566640018e-03;2.437105100145747077e-02;4.067845003918823393e-02;4.152550214609877083e-02;8.888588046876430906e-03;2.316016791485673437e-02;4.506974442562035159e-03;2.279471702720373832e-02;5.109574608745168396e-03;2.452967964316144292e-02;7.775904498725916617e-03;2.386153670235945448e-02;1.534438889151751306e-02;1.758369157642269281e-02;4.356201005215299196e-03;2.616381568576910122e-02;5.033468995942987946e-03;2.607623329742742718e-02;1.508782813684026065e-02;2.530188674507733923e-02;7.422926618810087203e-03;2.668655082127809747e-02;1.272602462620052964e-02;2.458332054048491255e-02
4.343543252735510528e-03;4.363406822546140804e-03;1.940711836074316028e-03;1.693119868737844383e-02;1.700685867180440260e-03;1.641442119864981730e-02;2.090822969100180305e-03;1.137974530072655838e-02;2.458581050377490855e-03;1.392171412274873649e-02;2.463376920251541830e-03;2.068630051068415590e-02;1.053450499032450999e-02;2.639538025451664688e-02;7.236283078690618729e-03;2.664077440988764367e-02;1.129426322997773013e-02;3.006906452558164716e-02;3.866287170170981842e-03;2.067322434436598411e-02;5.323069637527885235e-03;2.008135055811968717e-02;3.245390707851524698e-03;2.049575092728930098e-02;2.713875938257445317e-02;2.851066905705387095e-02;2.572650432056926284e-02;2.692923621708340209e-02;4.018976775323838610e-03;2.063150320410088098e-02;4.096305249718380261e-03;2.291610950603116537e-02;4.395876040384870745e-03;2.385016708996400003e-02;7.107113646643101017e-03;2.145444299801332194e-02;6.537432036017251820e-03;2.119995933080468312e-02;8.796246576074657347e-03;2.001369222754798005e-02;3.967638861745384493e-02;3.727215496112416815e-02;8.094974747515477909e-03;1.882275120737788091e-02;3.940756349715656727e-03;1.849174380597180811e-02;4.507592420279853823e-03;2.005548447921156122e-02;7.129870114915484204e-03;2.026174188158084283e-02;1.418376588138114264e-02;1.614059893073379465e-02;3.816915780182096162e-03;2.072564879966502793e-02;4.483733983274026599e-03;2.139091538326085701e-02;1.439153449768695685e-02;2.186476065395934198e-02;6.923847539803788809e-03;2.261327086479491058e-02;1.159154809379625041e-02;2.067175250924640356e-02
3.605099021026912480e-03;3.649731154825405343e-03;1.552110109092175822e-03;1.378513050517632225e-02;1.263340964324973122e-03;1.186649084986623158e-02;1.619309324484521917e-03;8.481701221831916895e-03;1.863218915324546879e-03;1.028958629201090144e-02;2.272071234513614764e-03;1.834900359862385449e-02;9.931716852082930411e-03;2.223202537642982382e-02;6.694350579817500389e-03;2.237963064881560993e-02;1.087956662271976661e-02;2.565939947489055337e-02;3.381676089441146889e-03;1.604366708585207649e-02;4.778297644667943954e-03;1.564914216662291468e-02;2.775796861738001348e-03;1.592303097380268206e-02;2.226335706747628596e-02;2.336233986353375772e-02;2.477659194292626543e-02;2.359958084308627982e-02;3.533163528348470632e-03;1.613961368659195747e-02;3.629662450404306379e-03;1.816908382147213244e-02;3.939486035358122536e-03;1.926139844467912587e-02;6.557849802490548115e-03;1.754426016678276024e-02;6.065266661219343748e-03;1.717686272057733152e-02;8.279285739302944327e-03;1.630308512629154508e-02;3.828390363772911364e-02;3.321721393355275831e-02;7.544059286925629618e-03;1.515660180102949145e-02;3.466378532468735330e-03;1.458936545798847524e-02;4.011315540340842055e-03;1.575550431288335815e-02;6.627136631904010505e-03;1.701029657881272805e-02;1.291511913335482292e-02;1.457992743624206625e-02;3.361392998139400498e-03;1.613518702305289862e-02;4.028573437079539798e-03;1.737206311511993451e-02;9.983166526485568598e-03;1.705495950030819566e-02;6.515352221802454304e-03;1.888812104491224136e-02;8.916989169224365588e-03;1.652977067542562087e-02
2.855533027202883985e-03;2.960755347053422703e-03;1.252471566249555501e-03;1.099494226282196445e-02;9.058313098665080575e-04;8.016947091931429445e-03;1.235196288142311263e-03;5.991816276900294863e-03;1.414892179235462686e-03;7.166457719951334869e-03;2.164591737982712698e-03;1.719988740469974645e-02;9.312618988551386520e-03;1.791530365327101415e-02;6.179988924183556914e-03;1.772776170609006649e-02;1.048770313751525365e-02;2.163497124555314663e-02;2.994583961502515074e-03;1.190908898823882928e-02;3.344048413945269627e-03;1.157680168853197911e-02;2.375688274734103021e-03;1.129606916992502083e-02;2.079878134764651457e-02;1.991132176814263549e-02;2.406948969407999087e-02;2.063149138678816927e-02;3.121907786297381093e-03;1.171116734973581992e-02;3.169312845163536028e-03;1.376589146873647730e-02;3.527245250103534704e-03;1.437968648630717425e-02;5.984780150835645497e-03;1.355329576305093486e-02;5.670410515427343028e-03;1.346406724960177298e-02;7.849488695439790775e-03;1.295354031356093366e-02;3.673742978123166469e-02;2.943837309176255621e-02;7.078874185402863825e-03;1.201663882158390990e-02;3.066234755170492259e-03;1.129531240028059345e-02;3.576921736338777112e-03;1.181389794805776626e-02;6.179517241041384591e-03;1.411575735469976223e-02;1.144375687158766426e-02;1.205771235971566172e-02;2.702054726954553152e-03;1.174572191746829468e-02;3.658214548598900592e-03;1.377148637508846842e-02;8.367555973668800579e-03;1.372444886473463826e-02;6.190893765417865638e-03;1.565106922676631068e-02;7.873983029783581181e-03;1.370710008691732734e-02
2.116383100640494962e-03;2.269949139980014397e-03;9.659507169879606812e-04;8.290648856812070366e-03;6.184455743944923837e-04;4.854338964620820429e-03;9.304136123314003717e-04;3.899849550920753832e-03;1.059382452227931306e-03;4.642935815536408314e-03;2.092573672590398656e-03;1.654744383503693739e-02;8.490415121932064560e-03;1.374247797836360314e-02;5.621647501093397260e-03;1.261967672292324538e-02;1.021864851741967686e-02;1.836897166346440971e-02;2.665460325486422241e-03;8.236526224617610192e-03;2.859144050350417941e-03;8.215968905073083028e-03;2.042782992094700593e-03;7.727597564750491275e-03;1.977002414420608520e-02;1.678701120366914504e-02;2.296618989586061976e-02;1.772967446617700060e-02;2.812025780869128588e-03;8.080748551332060312e-03;2.807543160601145681e-03;1.015255003195295741e-02;3.214677323045131430e-03;1.081603645418028822e-02;5.486398243542697263e-03;1.027098060464860796e-02;5.325977769670455809e-03;1.008825889238492909e-02;7.396317504805299467e-03;1.008208865749398234e-02;3.563243076710088941e-02;2.595310008136383906e-02;6.120432466972359521e-03;9.085643142052634430e-03;2.724556834156461726e-03;8.155282807014656299e-03;3.208534959326325275e-03;8.408607266892265467e-03;5.796344654884523495e-03;1.174261357668499560e-02;1.041853505515673989e-02;1.055378903442477471e-02;2.398925675317432286e-03;7.986985205904162041e-03;3.342825873768973197e-03;1.084584021856569054e-02;7.465624226393533826e-03;1.091320534435255042e-02;5.931100967001300128e-03;1.302369641957727524e-02;6.688474611658485822e-03;1.094092212014100701e-02
1.384451389132162992e-03;1.516573486337188196e-03;4.748247144593061085e-04;2.747361712632761643e-03;4.340370253382891570e-04;2.492007254079015282e-03;7.001945539293172489e-04;2.269585456104745297e-03;7.893906895765748265e-04;2.655288504454468221e-03;2.019659835251463951e-03;1.602201513474757477e-02;7.564096605409560345e-03;8.095543117208526054e-03;3.154932175864899515e-03;5.527571253860937700e-03;1.000650230676295577e-02;1.540924179536677999e-02;4.856493796596042523e-03;7.760284480328076898e-03;5.006835857933445919e-03;7.841185915482397004e-03;4.294985908059640797e-03;7.168671141800270034e-03;1.586276392714956393e-02;1.226565381382763512e-02;2.069275708349069265e-02;1.600865758915160156e-02;4.978760209432523016e-03;7.825548956919153171e-03;4.942979822503499460e-03;9.578045015841857648e-03;5.477304691532787310e-03;1.033440383589752723e-02;5.036056080577844436e-03;7.501934654870476456e-03;4.982066077307714322e-03;7.636744183580021841e-03;6.867666176412784255e-03;7.504290321173596665e-03;3.290699282207035919e-02;2.152528553600688635e-02;4.205891452482735104e-03;5.529238961652550681e-03;4.911150294705270147e-03;7.516030547875670979e-03;5.387163897624477719e-03;7.250780664858556303e-03;5.456958098827541237e-03;9.185103689675231872e-03;7.183034469509750122e-03;7.533574375314437861e-03;4.440917907399979762e-03;7.042051704666793359e-03;5.574483130989957465e-03;1.036218031143388771e-02;8.433652281230732961e-03;1.004288907343925917e-02;5.746658311248180849e-03;1.099689416311331984e-02;7.752024572140224674e-03;1.106301573317430668e-02
0.000000000000000000e+00;0.000000000000000000e+00;0.000000000000000000e+00;0.000000000000000000e+00;0.000000000000000000e+00;0.000000000000000000e+00;0.000000000000000000e+00;0.000000000000000000e+00;0.000000000000000000e+00;0.000000000000000000e+00;0.000000000000000000e+00;0.000000000000000000e+00;0.000000000000000000e+00;0.000000000000000000e+00;0.000000000000000000e+00;0.000000000000000000e+00;0.000000000000000000e+00;0.000000000000000000e+00;0.000000000000000000e+00;0.000000000000000000e+00;0.000000000000000000e+00;0.000000000000000000e+00;0.000000000000000000e+00;0.000000000000000000e+00;0.000000000000000000e+00;0.000000000000000000e+00;0.000000000000000000e+00;0.000000000000000000e+00;0.000000000000000000e+00;0.000000000000000000e+00;0.000000000000000000e+00;0.000000000000000000e+00;0.000000000000000000e+00;0.000000000000000000e+00;0.000000000000000000e+00;0.000000000000000000e+00;0.000000000000000000e+00;0.000000000000000000e+00;0.000000000000000000e+00;0.000000000000000000e+00;0.000000000000000000e+00;0.000000000000000000e+00;0.000000000000000000e+00;0.000000000000000000e+00;0.000000000000000000e+00;0.000000000000000000e+00;0.000000000000000000e+00;0.000000000000000000e+00;0.000000000000000000e+00;0.000000000000000000e+00;0.000000000000000000e+00;0.000000000000000000e+00;0.000000000000000000e+00;0.000000000000000000e+00;0.000000000000000000e+00;0.000000000000000000e+00;0.000000000000000000e+00;0.000000000000000000e+00;0.000000000000000000e+00;0.000000000000000000e+00;0.000000000000000000e+00;0.000000000000000000e+00
