# RS;CS;LS;MS;PS;HS:1:0;CoS
2.616400000000000148e+01;4.655100000000000193e+01;3.035399999999999920e+01;4.557699999999999818e+01;4.397500000000000142e+01;2.340537500000000293e+01;7.379500000000000171e+01
1.204500000000000028e+02;1.401299999999999955e+02;1.082300000000000040e+02;1.342299999999999898e+02;1.241400000000000006e+02;1.187141666666666708e+02;1.428700000000000045e+02
6.203600000000000136e+01;7.862199999999999989e+01;7.469599999999999795e+01;8.448699999999999477e+01;4.090400000000000347e+01;2.465035600000000215e+01;4.803799999999999670e+01
4.747899999999999920e+01;6.206499999999999773e+01;7.490999999999999659e+01;5.105499999999999972e+01;2.417299999999999827e+01;2.248711111111111194e+01;4.172699999999999676e+01
1.176899999999999977e+02;7.141100000000000136e+01;6.745099999999999341e+01;1.140400000000000063e+02;8.295000000000000284e+01;1.401558461538461700e+02;8.915900000000000603e+01
3.613000000000000256e+01;9.607699999999999818e+01;6.243399999999999750e+01;6.880400000000000205e+01;8.686299999999999955e+01;5.509070833333333894e+01;8.710500000000000398e+01
7.124500000000000455e+01;9.277700000000000102e+01;8.534699999999999420e+01;1.371500000000000057e+02;1.065300000000000011e+02;5.744267999999998153e+01;1.213400000000000034e+02
7.756300000000000239e+01;9.157800000000000296e+01;6.588100000000000023e+01;1.468799999999999955e+02;1.077500000000000000e+02;7.739099999999999113e+01;1.221899999999999977e+02
1.159699999999999953e+01;1.728999999999999915e+01;1.073799999999999955e+01;3.504800000000000182e+01;1.762199999999999989e+01;2.490791538461538224e+01;2.644500000000000028e+01
9.704000000000000625e+01;1.145100000000000051e+02;8.230899999999999750e+01;1.668899999999999864e+02;9.424800000000000466e+01;6.893920000000001380e+01;1.222399999999999949e+02
4.275000000000000000e+01;1.055400000000000063e+02;8.042900000000000205e+01;6.252799999999999869e+01;5.536399999999999721e+01;7.929436000000001172e+01;5.770600000000000307e+01
4.074499999999999744e+01;4.347699999999999676e+01;2.411199999999999832e+01;2.595100000000000051e+01;3.508899999999999864e+01;4.182800000000000296e+01;3.202400000000000091e+01
6.602599999999999625e+01;7.016100000000000136e+01;4.784899999999999665e+01;1.162900000000000063e+02;5.990200000000000102e+01;1.212973461538461493e+02;8.683199999999999363e+01
4.590999999999999659e+01;6.589199999999999591e+01;6.955500000000000682e+01;7.180899999999999750e+01;5.638799999999999812e+01;1.781762499999999960e+01;6.289900000000000091e+01
1.757199999999999989e+02;1.927500000000000000e+02;2.023199999999999932e+02;1.923799999999999955e+02;2.068100000000000023e+02;3.510270833333333940e+01;1.972599999999999909e+02
6.169100000000000250e+01;6.687699999999999534e+01;7.637099999999999511e+01;1.777899999999999920e+02;6.203600000000000136e+01;9.749946153846154573e+01;7.462999999999999545e+01
1.582899999999999920e+02;6.768099999999999739e+01;1.251200000000000045e+02;9.280599999999999739e+01;1.327599999999999909e+02;1.345838333333333310e+02;1.536299999999999955e+02
7.097100000000000364e+01;7.660599999999999454e+01;6.335699999999999932e+01;1.093499999999999943e+02;8.766100000000000136e+01;8.159603846153845552e+01;9.371399999999999864e+01
1.215699999999999932e+02;1.425900000000000034e+02;8.689199999999999591e+01;1.586399999999999864e+02;1.163799999999999955e+02;1.808308846153846332e+02;1.854000000000000057e+02
8.659900000000000375e+01;9.360899999999999466e+01;6.327400000000000091e+01;1.496800000000000068e+02;9.453499999999999659e+01;1.445547199999999748e+02;1.679499999999999886e+02
6.449099999999999966e+01;6.421200000000000330e+01;5.241100000000000136e+01;9.623900000000000432e+01;5.354299999999999926e+01;7.636379166666667118e+01;6.757999999999999829e+01
8.729099999999999682e+01;1.003799999999999955e+02;9.735999999999999943e+01;8.542700000000000671e+01;1.071400000000000006e+02;7.850985185185184889e+01;9.218699999999999761e+01
8.894700000000000273e+01;8.786799999999999500e+01;7.130800000000000693e+01;9.805599999999999739e+01;6.966800000000000637e+01;8.036287499999998829e+01;8.013500000000000512e+01
7.176300000000000523e+01;7.851500000000000057e+01;5.649499999999999744e+01;8.529300000000000637e+01;6.165899999999999892e+01;6.927772000000000219e+01;6.639000000000000057e+01
6.118699999999999761e+01;5.669899999999999807e+01;4.373899999999999721e+01;8.828100000000000591e+01;4.185699999999999932e+01;8.112520833333333314e+01;4.650099999999999767e+01
4.612800000000000011e+01;2.908299999999999841e+01;2.382900000000000063e+01;7.389199999999999591e+01;2.461899999999999977e+01;6.761149999999999238e+01;3.617799999999999727e+01
5.813400000000000034e+01;5.640400000000000347e+01;4.632699999999999818e+01;7.353400000000000603e+01;4.353699999999999903e+01;7.198604166666666515e+01;4.709300000000000352e+01
8.871299999999999386e+01;8.088200000000000500e+01;7.168699999999999761e+01;1.196599999999999966e+02;7.029099999999999682e+01;7.513052173913042964e+01;8.102599999999999625e+01
5.759700000000000131e+01;6.559099999999999397e+01;5.704099999999999682e+01;1.030000000000000000e+02;6.555200000000000671e+01;7.434946153846152583e+01;7.375900000000000034e+01
1.625000000000000000e+02;1.277699999999999960e+02;6.778400000000000603e+01;6.511700000000000443e+01;9.830599999999999739e+01;1.360791666666666799e+02;5.675099999999999767e+01
5.435000000000000142e+01;5.618999999999999773e+01;6.614400000000000546e+01;9.159999999999999432e+01;4.989500000000000313e+01;7.689120000000001198e+01;5.419700000000000273e+01
7.138899999999999579e+01;7.157299999999999329e+01;4.895400000000000063e+01;7.981600000000000250e+01;5.800200000000000244e+01;8.610112499999999613e+01;4.346500000000000341e+01
2.001000000000000156e+01;3.643599999999999994e+01;4.356300000000000239e+01;3.523199999999999932e+01;4.299199999999999733e+01;4.222658333333333047e+01;2.051599999999999824e+01
3.676500000000000057e+01;3.818599999999999994e+01;3.637700000000000244e+01;6.336399999999999721e+01;2.411799999999999855e+01;4.852084000000000685e+01;5.379399999999999693e+01
4.952400000000000091e+01;9.074200000000000443e+01;6.319500000000000028e+01;1.113400000000000034e+02;6.758199999999999363e+01;7.955946153846154800e+01;4.732699999999999818e+01
4.789800000000000324e+01;2.207600000000000051e+01;2.330900000000000105e+01;4.339699999999999847e+01;2.164399999999999835e+01;4.354858333333334031e+01;4.313400000000000034e+01
2.323100000000000165e+01;1.432099999999999973e+01;1.894500000000000028e+01;2.232300000000000040e+01;1.263499999999999979e+01;2.577782608695652300e+01;1.716600000000000037e+01
4.626800000000000068e+01;6.491400000000000148e+01;3.689699999999999847e+01;1.129899999999999949e+02;6.370000000000000284e+01;8.281395833333331780e+01;6.729099999999999682e+01
1.033199999999999932e+02;1.222600000000000051e+02;1.162800000000000011e+02;1.352299999999999898e+02;1.241899999999999977e+02;7.536741666666665651e+01;1.133799999999999955e+02
7.836899999999999977e+01;6.585899999999999466e+01;5.678799999999999670e+01;1.089599999999999937e+02;6.469899999999999807e+01;6.094583333333333997e+01;6.661899999999999977e+01
3.791599999999999682e+01;6.340299999999999869e+01;5.114099999999999824e+01;1.362899999999999920e+02;7.224500000000000455e+01;7.659384000000000015e+01;1.003499999999999943e+02
2.746600000000000108e+01;5.899000000000000199e+01;2.302499999999999858e+01;6.126299999999999812e+01;4.787199999999999989e+01;4.466170370370370790e+01;3.426400000000000290e+01
3.091199999999999903e+01;6.453799999999999670e+01;4.661399999999999721e+01;6.169500000000000028e+01;4.147099999999999653e+01;3.768526923076922941e+01;4.871800000000000352e+01
4.925000000000000000e+01;4.090599999999999881e+01;5.757800000000000296e+01;1.548700000000000045e+02;1.239300000000000068e+02;5.409991666666667243e+01;1.512700000000000102e+02
5.029399999999999693e+01;5.618200000000000216e+01;7.194799999999999329e+01;1.261099999999999994e+02;1.061200000000000045e+02;4.638292592592591745e+01;7.143899999999999295e+01
3.367799999999999727e+01;4.620100000000000051e+01;2.748799999999999955e+01;3.541499999999999915e+01;2.038299999999999912e+01;2.000412000000000035e+01;3.329299999999999926e+01
3.273199999999999932e+01;4.219500000000000028e+01;2.745299999999999940e+01;2.671199999999999974e+01;1.549399999999999977e+01;1.526239599999999719e+01;2.337600000000000122e+01
2.030900000000000105e+01;5.752799999999999869e+01;1.393999999999999950e+01;8.149599999999999511e+01;4.051500000000000057e+01;4.678664000000000556e+01;8.458400000000000318e+01
3.709899999999999665e+01;5.917099999999999937e+01;3.294500000000000028e+01;4.587199999999999989e+01;2.179400000000000048e+01;2.544375999999999749e+01;3.748400000000000176e+01
4.205100000000000193e+01;4.237700000000000244e+01;6.055899999999999750e+01;1.526800000000000068e+02;8.604399999999999693e+01;6.302843999999999625e+01;1.464900000000000091e+02
1.301699999999999946e+01;3.422200000000000131e+01;1.752799999999999869e+01;5.220400000000000063e+01;3.866899999999999693e+01;2.560829166666666978e+01;4.992900000000000205e+01
1.579199999999999982e+01;2.248900000000000077e+01;2.149599999999999866e+01;2.314199999999999946e+01;1.885099999999999909e+01;1.774141666666666595e+01;1.951200000000000045e+01
9.595900000000000318e+00;2.957199999999999918e+01;1.442999999999999972e+01;3.158200000000000074e+01;1.919099999999999895e+01;1.948863461538461905e+01;3.087399999999999878e+01
6.101899999999999835e+01;6.980400000000000205e+01;8.266200000000000614e+01;1.519399999999999977e+02;1.070900000000000034e+02;6.896991999999998768e+01;1.612500000000000000e+02
2.021999999999999886e+01;3.496300000000000097e+01;2.381299999999999883e+01;5.711399999999999721e+01;3.837800000000000011e+01;2.446970833333333317e+01;5.293699999999999761e+01
7.568200000000000216e+01;7.887000000000000455e+01;8.302700000000000102e+01;1.637899999999999920e+02;8.819700000000000273e+01;7.308183999999999969e+01;1.716100000000000136e+02
6.400900000000000034e+01;5.926200000000000045e+01;8.781799999999999784e+01;1.614600000000000080e+02;1.175000000000000000e+02;6.788804000000000372e+01;1.803499999999999943e+02
2.281400000000000006e+01;3.387599999999999767e+01;1.971000000000000085e+01;4.673199999999999932e+01;2.123999999999999844e+01;1.597194166666666604e+01;4.213300000000000267e+01
2.409799999999999898e+01;4.364099999999999824e+01;1.496499999999999986e+01;4.124900000000000233e+01;2.259199999999999875e+01;2.370895999999999759e+01;3.821300000000000097e+01
2.374500000000000099e+01;3.935600000000000165e+01;1.702499999999999858e+01;3.059700000000000131e+01;1.747500000000000142e+01;2.143331600000000137e+01;3.536699999999999733e+01
1.097800000000000011e+02;1.327700000000000102e+02;1.311500000000000057e+02;1.051099999999999994e+02;1.198400000000000034e+02;3.595042857142857429e+01;1.239000000000000057e+02
7.121299999999999386e+01;4.723100000000000165e+01;3.694400000000000261e+01;1.046099999999999994e+02;4.024300000000000210e+01;5.773556521739130432e+01;7.185699999999999932e+01
3.692300000000000182e+01;1.031400000000000006e+01;3.772500000000000142e+01;3.548199999999999932e+01;1.682499999999999929e+01;4.906480000000000530e+01;1.832300000000000040e+01
3.970400000000000063e+01;3.560900000000000176e+01;1.309800000000000075e+01;5.560399999999999920e+01;1.932000000000000028e+01;5.252260000000001128e+01;3.303099999999999881e+01
5.420199999999999818e+01;2.428900000000000148e+01;2.858599999999999852e+01;3.768399999999999750e+01;2.830600000000000094e+01;3.869734782608696122e+01;3.239000000000000057e+01
7.623600000000000421e+01;6.880400000000000205e+01;4.721300000000000097e+01;4.712700000000000244e+01;6.950000000000000000e+01;4.645532000000000039e+01;5.648700000000000188e+01
6.334899999999999665e+01;3.785600000000000165e+01;3.658599999999999852e+01;3.880499999999999972e+01;4.620499999999999829e+01;5.775352000000000174e+01;3.443800000000000239e+01
3.573700000000000188e+01;1.592200000000000060e+01;2.173300000000000054e+01;7.194599999999999795e+01;2.410300000000000153e+01;4.501868000000000336e+01;2.678099999999999881e+01
3.139600000000000080e+01;2.582600000000000051e+01;1.858699999999999974e+01;4.849099999999999966e+01;2.062099999999999866e+01;4.156191999999999354e+01;2.155399999999999849e+01
2.737000000000000099e+01;2.404299999999999926e+01;2.553800000000000026e+01;3.402300000000000324e+01;1.133900000000000041e+01;4.158095833333334213e+01;3.265400000000000347e+01
3.631600000000000250e+01;2.984799999999999898e+01;3.615200000000000102e+01;6.477500000000000568e+01;2.552299999999999969e+01;3.430041666666667055e+01;2.609900000000000020e+01
3.280100000000000193e+01;2.050300000000000011e+01;2.893100000000000094e+01;6.206000000000000227e+01;1.813599999999999923e+01;4.161000000000000654e+01;2.453399999999999892e+01
6.174000000000000199e+01;3.880299999999999727e+01;3.961399999999999721e+01;2.767899999999999849e+01;3.792399999999999949e+01;3.067407407407408115e+01;4.584199999999999875e+01
3.093199999999999861e+01;1.438700000000000045e+01;1.720599999999999952e+01;6.022200000000000131e+01;2.350400000000000134e+01;2.862525000000000475e+01;2.981899999999999906e+01
6.831499999999999773e+01;3.316899999999999693e+01;5.319899999999999807e+01;2.797899999999999920e+01;3.404999999999999716e+01;5.741866666666665964e+01;3.997899999999999920e+01
4.402199999999999847e+01;5.051299999999999812e+01;3.522999999999999687e+01;2.487099999999999866e+01;4.029099999999999682e+01;4.900257692307692281e+01;2.852199999999999847e+01
5.150600000000000023e+01;3.866400000000000148e+01;3.976800000000000068e+01;3.962199999999999989e+01;3.698700000000000188e+01;5.099064000000000618e+01;3.447500000000000142e+01
8.003199999999999648e+01;4.612899999999999778e+01;5.310300000000000153e+01;3.386800000000000210e+01;5.793699999999999761e+01;5.845596000000001169e+01;6.039500000000000313e+01
5.228000000000000114e+01;2.875499999999999901e+01;4.496399999999999864e+01;4.273199999999999932e+01;3.067699999999999960e+01;4.650396153846153169e+01;2.689099999999999824e+01
4.529999999999999716e+01;3.181299999999999883e+01;3.432800000000000296e+01;3.705299999999999727e+01;3.826299999999999812e+01;5.168419230769230666e+01;2.687399999999999878e+01
5.202400000000000091e+01;4.369500000000000028e+01;2.743799999999999883e+01;5.782600000000000051e+01;2.164999999999999858e+01;4.751870833333333621e+01;2.421199999999999974e+01
7.464100000000000534e+01;8.374500000000000455e+01;5.185499999999999687e+01;5.202000000000000313e+01;7.496399999999999864e+01;5.568866666666666276e+01;6.922899999999999920e+01
6.829200000000000159e+01;6.587199999999999989e+01;4.277000000000000313e+01;3.157900000000000063e+01;5.512199999999999989e+01;4.415744000000000824e+01;5.625200000000000244e+01
4.265699999999999648e+01;7.001699999999999591e+01;4.700999999999999801e+01;8.961400000000000432e+01;7.294599999999999795e+01;6.260655555555555907e+01;7.695699999999999363e+01
7.109300000000000352e+01;7.295399999999999352e+01;4.198700000000000188e+01;4.808500000000000085e+01;5.995799999999999841e+01;7.151287999999998135e+01;5.260099999999999909e+01
4.830400000000000205e+01;5.236500000000000199e+01;2.493100000000000094e+01;4.712700000000000244e+01;3.817799999999999727e+01;4.094412499999999966e+01;4.357600000000000051e+01
4.697599999999999909e+01;4.257399999999999807e+01;2.715399999999999991e+01;6.896200000000000330e+01;3.940299999999999869e+01;5.913620833333333593e+01;3.884700000000000131e+01
4.211599999999999966e+01;3.791100000000000136e+01;2.269800000000000040e+01;6.550400000000000489e+01;2.513299999999999912e+01;7.321223999999999421e+01;2.695200000000000173e+01
6.798600000000000421e+01;5.877799999999999869e+01;5.145100000000000051e+01;6.300300000000000011e+01;5.334599999999999653e+01;7.385635999999999513e+01;5.912199999999999989e+01
5.196200000000000330e+01;7.893699999999999761e+01;6.274600000000000222e+01;1.078400000000000034e+02;7.863599999999999568e+01;6.361296153846154766e+01;9.394799999999999329e+01
4.293500000000000227e+01;5.583700000000000330e+01;3.004599999999999937e+01;8.800400000000000489e+01;4.971399999999999864e+01;7.396812500000000057e+01;5.717499999999999716e+01
4.339900000000000091e+01;3.726299999999999812e+01;3.714399999999999835e+01;5.357500000000000284e+01;4.393299999999999983e+01;3.758359999999999701e+01;4.398700000000000188e+01
5.072999999999999687e+01;4.857300000000000040e+01;2.019500000000000028e+01;6.358299999999999841e+01;3.437199999999999989e+01;7.781448148148146515e+01;2.952100000000000080e+01
3.944500000000000028e+01;3.833599999999999852e+01;2.391900000000000048e+01;9.306399999999999295e+01;3.500399999999999778e+01;6.686592000000001690e+01;4.099900000000000233e+01
4.749499999999999744e+01;3.564500000000000313e+01;3.128600000000000136e+01;6.266100000000000136e+01;2.817200000000000060e+01;7.073812500000001080e+01;2.234400000000000119e+01
3.314999999999999858e+01;2.816799999999999926e+01;1.640299999999999869e+01;9.975499999999999545e+01;3.092200000000000060e+01;8.007176000000002603e+01;4.142799999999999727e+01
5.481400000000000006e+01;6.498499999999999943e+01;3.686399999999999721e+01;1.180400000000000063e+02;6.626000000000000512e+01;6.787846153846155062e+01;7.349899999999999523e+01
3.688600000000000279e+01;3.226800000000000068e+01;1.415399999999999991e+01;4.935799999999999699e+01;2.284700000000000131e+01;4.710229166666668021e+01;2.896900000000000119e+01
3.419599999999999795e+01;2.678399999999999892e+01;2.623000000000000043e+01;8.754999999999999716e+01;2.412199999999999989e+01;5.801604166666666629e+01;2.130199999999999960e+01
3.671699999999999875e+01;3.240599999999999881e+01;1.670700000000000074e+01;8.908799999999999386e+01;4.045499999999999829e+01;7.099787499999999341e+01;2.651300000000000168e+01
1.060100000000000051e+02;1.191200000000000045e+02;6.670799999999999841e+01;1.755900000000000034e+02;1.164899999999999949e+02;6.955900000000001171e+01;1.518499999999999943e+02
1.619799999999999898e+02;1.235499999999999972e+02;1.326599999999999966e+02;2.497500000000000000e+02;1.033599999999999994e+02;1.104035599999999988e+02;1.858199999999999932e+02
6.100200000000000244e+01;5.752000000000000313e+01;7.167100000000000648e+01;1.149399999999999977e+02;7.684600000000000364e+01;6.762988888888889960e+01;7.511400000000000432e+01
9.383499999999999375e+01;2.750099999999999909e+02;1.024500000000000028e+02;1.648000000000000114e+02;1.265699999999999932e+02;7.683904000000001133e+01;6.484000000000000341e+01
7.517100000000000648e+01;1.413199999999999932e+02;8.336199999999999477e+01;1.681599999999999966e+02;1.215900000000000034e+02;7.880879999999999086e+01;9.470000000000000284e+01
1.576999999999999886e+02;1.923000000000000114e+02;1.076099999999999994e+02;2.361999999999999886e+02;1.782400000000000091e+02;1.018609199999999788e+02;1.889699999999999989e+02
2.317800000000000082e+01;3.632300000000000040e+01;2.397700000000000031e+01;1.022999999999999972e+02;3.497599999999999909e+01;8.422492307692309055e+01;4.865899999999999892e+01
6.956300000000000239e+01;8.203600000000000136e+01;6.988500000000000512e+01;1.073900000000000006e+02;7.113400000000000034e+01;5.855338461538462980e+01;8.614700000000000557e+01
8.183799999999999386e+01;7.767400000000000659e+01;8.607099999999999795e+01;1.069300000000000068e+02;8.398699999999999477e+01;1.408225416666666945e+02;1.206599999999999966e+02
8.925000000000000000e+01;8.936700000000000443e+01;6.944899999999999807e+01;1.764600000000000080e+02;2.241100000000000136e+02;6.159104166666667624e+01;9.169100000000000250e+01
1.042999999999999972e+02;1.167000000000000028e+02;8.494899999999999807e+01;1.420900000000000034e+02;1.317500000000000000e+02;6.225516666666666765e+01;9.615300000000000580e+01
1.240400000000000063e+02;1.842199999999999989e+02;1.054599999999999937e+02;2.237299999999999898e+02;1.461299999999999955e+02;1.065105000000000075e+02;1.635500000000000114e+02
1.064399999999999977e+02;1.213199999999999932e+02;1.025799999999999983e+02;1.879900000000000091e+02;1.588600000000000136e+02;8.828066666666666151e+01;9.776500000000000057e+01
1.130400000000000063e+02;1.286800000000000068e+02;1.195699999999999932e+02;1.546699999999999875e+02;1.068599999999999994e+02;9.007760000000000389e+01;1.122600000000000051e+02
1.158599999999999994e+02;1.358899999999999864e+02;1.148799999999999955e+02;1.857199999999999989e+02;1.412500000000000000e+02;7.467403703703703854e+01;9.429600000000000648e+01
8.487699999999999534e+01;1.098799999999999955e+02;1.133100000000000023e+02;1.416599999999999966e+02;8.309499999999999886e+01;8.117507692307692935e+01;1.088199999999999932e+02
7.008799999999999386e+01;7.509000000000000341e+01;5.441700000000000159e+01;1.302700000000000102e+02;6.522499999999999432e+01;9.764166666666667993e+01;1.122199999999999989e+02
1.139599999999999937e+02;1.542199999999999989e+02;1.051599999999999966e+02;1.615900000000000034e+02;1.188499999999999943e+02;7.470611999999999853e+01;5.505799999999999983e+01
5.481099999999999994e+01;6.901900000000000546e+01;7.864600000000000080e+01;1.348300000000000125e+02;7.164100000000000534e+01;8.770764000000001204e+01;1.006800000000000068e+02
7.122199999999999420e+01;6.029800000000000182e+01;7.936499999999999488e+01;6.552700000000000102e+01;5.847099999999999653e+01;6.375092000000000070e+01;9.626500000000000057e+01
4.426800000000000068e+01;7.748999999999999488e+01;4.003399999999999892e+01;7.740399999999999636e+01;3.720900000000000318e+01;4.704937500000000483e+01;2.944800000000000040e+01
4.740200000000000102e+01;8.447899999999999920e+01;3.563499999999999801e+01;8.755599999999999739e+01;4.237199999999999989e+01;6.023211111111113070e+01;3.849199999999999733e+01
7.199399999999999977e+01;8.256499999999999773e+01;5.226299999999999812e+01;1.568300000000000125e+02;7.839100000000000534e+01;9.482200000000000273e+01;2.696999999999999886e+02
3.913300000000000267e+01;7.061299999999999955e+01;4.993299999999999983e+01;8.529500000000000171e+01;4.526299999999999812e+01;3.650659999999999172e+01;5.474300000000000210e+01
3.860099999999999909e+01;3.807900000000000063e+01;3.933400000000000318e+01;3.379599999999999937e+01;2.677599999999999980e+01;1.306465199999999705e+01;4.076299999999999812e+01
6.076200000000000045e+01;1.109300000000000068e+02;5.215800000000000125e+01;1.331999999999999886e+02;3.437700000000000244e+01;8.384404166666665503e+01;6.228999999999999915e+01
8.964000000000000057e+01;1.545900000000000034e+02;7.663200000000000500e+01;1.480200000000000102e+02;9.689900000000000091e+01;1.073971481481481334e+02;9.296599999999999397e+01
5.243999999999999773e+01;7.928700000000000614e+01;6.035499999999999687e+01;1.402899999999999920e+02;5.905599999999999739e+01;6.942312499999999886e+01;5.611299999999999955e+01
4.574199999999999733e+01;7.789100000000000534e+01;4.272999999999999687e+01;9.276900000000000546e+01;3.522299999999999898e+01;6.352815999999998553e+01;5.362599999999999767e+01
6.122099999999999653e+01;9.979500000000000171e+01;3.418900000000000006e+01;1.130199999999999960e+02;4.489699999999999847e+01;7.836139999999998906e+01;3.684799999999999898e+01
6.007300000000000040e+01;1.056400000000000006e+02;8.279500000000000171e+01;1.791800000000000068e+02;1.032600000000000051e+02;1.310380000000000109e+02;8.009000000000000341e+01
1.061400000000000006e+02;8.219100000000000250e+01;6.920000000000000284e+01;1.539000000000000057e+02;8.787900000000000489e+01;7.198449999999999704e+01;1.819900000000000091e+02
5.220600000000000307e+01;4.625099999999999767e+01;4.027300000000000324e+01;8.545699999999999363e+01;4.318599999999999994e+01;8.966074999999999307e+01;3.740500000000000114e+01
7.976000000000000512e+01;1.373600000000000136e+02;6.136299999999999955e+01;1.656100000000000136e+02;7.319199999999999307e+01;8.109599999999998943e+01;7.616700000000000159e+01
1.925200000000000102e+02;2.061699999999999875e+02;1.626699999999999875e+02;3.174499999999999886e+02;1.830600000000000023e+02;1.642532000000000210e+02;1.939900000000000091e+02
1.241099999999999994e+02;1.290200000000000102e+02;1.161099999999999994e+02;2.064000000000000057e+02;1.206700000000000017e+02;1.139777199999999766e+02;1.279899999999999949e+02
5.018200000000000216e+01;6.364699999999999847e+01;2.765299999999999869e+01;1.141599999999999966e+02;3.414200000000000301e+01;5.971795999999999793e+01;1.437400000000000091e+02
5.068299999999999983e+01;3.659799999999999898e+01;2.817599999999999838e+01;1.095300000000000011e+02;4.100000000000000000e+01;6.954975999999999203e+01;3.490400000000000205e+02
5.168099999999999739e+01;1.051400000000000006e+02;4.900999999999999801e+01;1.348300000000000125e+02;4.239900000000000091e+01;5.103795833333333576e+01;4.860600000000000165e+01
3.491499999999999915e+01;9.639300000000000068e+01;3.211800000000000210e+01;1.150900000000000034e+02;3.385600000000000165e+01;8.230304166666667243e+01;3.189600000000000080e+01
1.577199999999999989e+02;1.377199999999999989e+02;1.241899999999999977e+02;1.277999999999999972e+02;1.264899999999999949e+02;1.033739999999999810e+02;1.430099999999999909e+02
5.382800000000000296e+01;6.729099999999999682e+01;6.335699999999999932e+01;5.882900000000000063e+01;5.827300000000000324e+01;5.002652000000000498e+01;6.225900000000000034e+01
6.040699999999999648e+01;6.449200000000000443e+01;6.225500000000000256e+01;6.632999999999999829e+01;5.505199999999999960e+01;4.710495999999999839e+01;9.552299999999999613e+01
9.695300000000000296e+01;1.026599999999999966e+02;8.603300000000000125e+01;1.316200000000000045e+02;6.915900000000000603e+01;8.690438461538460047e+01;9.169499999999999318e+01
8.739100000000000534e+01;9.672899999999999920e+01;8.815300000000000580e+01;1.049300000000000068e+02;9.226900000000000546e+01;8.715292000000000883e+01;1.391399999999999864e+02
6.721099999999999852e+01;9.243999999999999773e+01;8.094899999999999807e+01;1.078599999999999994e+02;6.759499999999999886e+01;8.368824999999999648e+01;8.580700000000000216e+01
9.580899999999999750e+01;1.127099999999999937e+02;9.084600000000000364e+01;1.103199999999999932e+02;1.185900000000000034e+02;8.250196000000001106e+01;1.008299999999999983e+02
8.151600000000000534e+01;8.904900000000000659e+01;7.180599999999999739e+01;9.790300000000000580e+01;7.340699999999999648e+01;7.434115999999997371e+01;8.592799999999999727e+01
9.557699999999999818e+01;1.105999999999999943e+02;8.589900000000000091e+01;9.273900000000000432e+01;8.257399999999999807e+01;8.369004166666667288e+01;1.392199999999999989e+02
9.450100000000000477e+01;1.701399999999999864e+02;1.354699999999999989e+02;1.589600000000000080e+02;1.701699999999999875e+02;9.864868000000001302e+01;1.176800000000000068e+02
7.017900000000000205e+01;6.242799999999999727e+01;5.431900000000000261e+01;7.829800000000000182e+01;4.378799999999999670e+01;7.958460000000000889e+01;6.243800000000000239e+01
7.052800000000000580e+01;6.407699999999999818e+01;5.401400000000000290e+01;6.024799999999999756e+01;4.124799999999999756e+01;9.134475000000000477e+01;9.976099999999999568e+01
8.117900000000000205e+01;1.079899999999999949e+02;5.015299999999999869e+01;8.775000000000000000e+01;6.798499999999999943e+01;8.010220000000001050e+01;7.051900000000000546e+01
8.069199999999999307e+01;8.188599999999999568e+01;7.982500000000000284e+01;8.984099999999999397e+01;6.849500000000000455e+01;8.706028000000000588e+01;1.120100000000000051e+02
9.403100000000000591e+01;1.023400000000000034e+02;1.075400000000000063e+02;1.017199999999999989e+02;8.058400000000000318e+01;8.427416666666665890e+01;1.126500000000000057e+02
1.103299999999999983e+02;1.102800000000000011e+02;1.173400000000000034e+02;1.207999999999999972e+02;9.918099999999999739e+01;7.629311538461539044e+01;1.266700000000000017e+02
4.238600000000000279e+01;5.968999999999999773e+01;2.558699999999999974e+01;8.571299999999999386e+01;6.355299999999999727e+01;8.659496000000001459e+01;3.914900000000000091e+01
1.169699999999999989e+02;1.600800000000000125e+02;1.434399999999999977e+02;1.972100000000000080e+02;1.444000000000000057e+02;9.410137499999999022e+01;4.737300000000000182e+02
1.027399999999999949e+02;1.182999999999999972e+02;8.755100000000000193e+01;1.161500000000000057e+02;8.685399999999999920e+01;8.244450000000000500e+01;8.412399999999999523e+01
8.154999999999999716e+01;6.977400000000000091e+01;5.860799999999999699e+01;7.172199999999999420e+01;1.799499999999999886e+02;8.375225000000001785e+01;6.421999999999999886e+01
5.317799999999999727e+01;3.928099999999999881e+01;4.503799999999999670e+01;8.133499999999999375e+01;4.018500000000000227e+01;9.357687499999998693e+01;5.124000000000000199e+01
4.126500000000000057e+01;3.295199999999999818e+01;3.349699999999999989e+01;5.791599999999999682e+01;3.293999999999999773e+01;6.014460000000001116e+01;3.664099999999999824e+01
3.307099999999999795e+01;2.439099999999999824e+01;2.510999999999999943e+01;3.617999999999999972e+01;2.652899999999999991e+01;8.470324000000000808e+01;2.936799999999999855e+01
8.148600000000000421e+01;7.349299999999999500e+01;7.835899999999999466e+01;1.051500000000000057e+02;6.201599999999999824e+01;1.103508000000000209e+02;7.465000000000000568e+01
5.665599999999999881e+01;5.606600000000000250e+01;4.671600000000000108e+01;8.002100000000000080e+01;5.922299999999999898e+01;5.906896551724138078e+01;6.254399999999999693e+01
7.555200000000000671e+01;7.545199999999999818e+01;8.305599999999999739e+01;7.726600000000000534e+01;7.192600000000000193e+01;8.429229166666668505e+01;7.057599999999999341e+01
6.564799999999999613e+01;6.994700000000000273e+01;6.899599999999999511e+01;6.964000000000000057e+01;6.770999999999999375e+01;8.272923076923078156e+01;6.679600000000000648e+01
3.778099999999999881e+01;4.225500000000000256e+01;3.907500000000000284e+01;5.618500000000000227e+01;4.420900000000000318e+01;5.518699999999999051e+01;4.955899999999999750e+01
8.634399999999999409e+01;5.825300000000000011e+01;5.889699999999999847e+01;9.666700000000000159e+01;5.820300000000000296e+01;5.696515384615383937e+01;7.882999999999999829e+01
5.936999999999999744e+01;4.068599999999999994e+01;3.346399999999999864e+01;5.841199999999999903e+01;3.648400000000000176e+01;6.328030769230770147e+01;4.630700000000000216e+01
8.544499999999999318e+01;9.850199999999999534e+01;7.529900000000000659e+01;5.200800000000000267e+01;7.290399999999999636e+01;1.183244583333333253e+02;8.558199999999999363e+01
5.575099999999999767e+01;4.415899999999999892e+01;4.122699999999999676e+01;6.556100000000000705e+01;4.613300000000000267e+01;5.938450000000000273e+01;4.616400000000000148e+01
1.052300000000000040e+02;1.186800000000000068e+02;9.002899999999999636e+01;1.381399999999999864e+02;9.848900000000000432e+01;1.081806956521739096e+02;1.116200000000000045e+02
5.625099999999999767e+01;4.048199999999999932e+01;3.180000000000000071e+01;7.858299999999999841e+01;4.024600000000000222e+01;7.707440000000001135e+01;5.067699999999999960e+01
5.769200000000000017e+01;5.258700000000000330e+01;4.638600000000000279e+01;8.010399999999999920e+01;6.089200000000000301e+01;5.201720833333332905e+01;5.435499999999999687e+01
5.785499999999999687e+01;6.639199999999999591e+01;4.094700000000000273e+01;7.150400000000000489e+01;5.071999999999999886e+01;9.303445833333334747e+01;5.631199999999999761e+01
8.203100000000000591e+01;1.025100000000000051e+02;8.352700000000000102e+01;1.205100000000000051e+02;8.644299999999999784e+01;9.509892857142855860e+01;9.890999999999999659e+01
7.069299999999999784e+01;7.948799999999999955e+01;6.801800000000000068e+01;9.918500000000000227e+01;7.059699999999999420e+01;9.516037037037037294e+01;7.359199999999999875e+01
6.522899999999999920e+01;8.143200000000000216e+01;5.400200000000000244e+01;9.699599999999999511e+01;6.838500000000000512e+01;9.892353846153847030e+01;7.787800000000000011e+01
3.207200000000000273e+01;3.351899999999999835e+01;2.975199999999999889e+01;5.396200000000000330e+01;3.219299999999999784e+01;4.547408333333333275e+01;3.810499999999999687e+01
5.984700000000000131e+01;4.460000000000000142e+01;3.403600000000000136e+01;5.212700000000000244e+01;3.850000000000000000e+01;5.982844000000000761e+01;3.316899999999999693e+01
6.908499999999999375e+01;8.978700000000000614e+01;6.927100000000000080e+01;6.063199999999999790e+01;8.948399999999999466e+01;7.435124999999999318e+01;7.896899999999999409e+01
6.955700000000000216e+01;1.022699999999999960e+02;7.923600000000000421e+01;1.228700000000000045e+02;9.493999999999999773e+01;8.058491999999999678e+01;1.011700000000000017e+02
2.223100000000000165e+01;2.434400000000000119e+01;2.453800000000000026e+01;3.973799999999999955e+01;1.767200000000000060e+01;2.146912000000000020e+01;3.229599999999999937e+01
1.005000000000000000e+02;1.003299999999999983e+02;1.016599999999999966e+02;9.640200000000000102e+01;9.924299999999999500e+01;1.751896666666666746e+01;8.820499999999999829e+01
3.864099999999999824e+01;3.295400000000000063e+01;3.051500000000000057e+01;5.225800000000000267e+01;2.857400000000000162e+01;4.493692307692308674e+01;3.871900000000000119e+01
5.895799999999999841e+01;3.862400000000000233e+01;2.362399999999999878e+01;4.105599999999999739e+01;3.843399999999999750e+01;6.886095999999999151e+01;2.646900000000000119e+01
4.092000000000000171e+01;3.934199999999999875e+01;2.366900000000000048e+01;8.932800000000000296e+01;6.264000000000000057e+01;5.781360000000000099e+01;6.261899999999999977e+01
4.103799999999999670e+01;5.126599999999999824e+01;3.011799999999999855e+01;1.363199999999999932e+02;4.284199999999999875e+01;1.017627200000000016e+02;7.226500000000000057e+01
7.212099999999999511e+01;5.575999999999999801e+01;3.915500000000000114e+01;1.146899999999999977e+02;6.305199999999999960e+01;4.863215384615384096e+01;4.762500000000000000e+01
6.995199999999999818e+01;5.674300000000000210e+01;3.847399999999999665e+01;7.188700000000000045e+01;4.767000000000000171e+01;9.648807999999999652e+01;5.778999999999999915e+01
3.436599999999999966e+01;2.013500000000000156e+01;9.890700000000000713e+00;7.402800000000000580e+01;2.301200000000000045e+01;6.979799999999998761e+01;2.537800000000000011e+01
4.774099999999999966e+01;4.571600000000000108e+01;3.946999999999999886e+01;5.036099999999999710e+01;5.539300000000000068e+01;6.924152000000000839e+01;4.502900000000000347e+01
6.851900000000000546e+01;6.907800000000000296e+01;6.231900000000000261e+01;9.461499999999999488e+01;7.738700000000000045e+01;1.003706799999999930e+02;7.309099999999999397e+01
8.106399999999999295e+01;6.974800000000000466e+01;6.200300000000000011e+01;1.095900000000000034e+02;6.770399999999999352e+01;7.890443999999999392e+01;8.123699999999999477e+01
4.385699999999999932e+01;3.028000000000000114e+01;2.260699999999999932e+01;9.905299999999999727e+01;3.242999999999999972e+01;4.426069565217390789e+01;2.371900000000000119e+01
4.898199999999999932e+01;3.854699999999999704e+01;3.553000000000000114e+01;1.054800000000000040e+02;3.211999999999999744e+01;6.761599999999999966e+01;4.110999999999999943e+01
4.055599999999999739e+01;8.809799999999999898e+01;3.617999999999999972e+01;7.747700000000000387e+01;8.225199999999999534e+01;8.416470833333335122e+01;7.442300000000000182e+01
3.256199999999999761e+01;6.036500000000000199e+01;3.831000000000000227e+01;6.359000000000000341e+01;6.134899999999999665e+01;6.766411999999999694e+01;5.951800000000000068e+01
1.430100000000000016e+01;1.609600000000000009e+01;2.168100000000000094e+01;1.579499999999999993e+01;9.303800000000000736e+00;9.212983333333333746e+00;1.222300000000000075e+01
3.102799999999999869e+01;3.955599999999999739e+01;3.449199999999999733e+01;5.302499999999999858e+01;4.570499999999999829e+01;5.165300000000000580e+01;2.191100000000000136e+01
4.535999999999999943e+01;6.017699999999999960e+01;5.667600000000000193e+01;6.030400000000000205e+01;6.377499999999999858e+01;5.076037499999999625e+01;3.205599999999999739e+01
3.417699999999999960e+01;4.732500000000000284e+01;4.125399999999999778e+01;3.476100000000000279e+01;5.534400000000000119e+01;4.472227999999999781e+01;2.242899999999999849e+01
3.581099999999999994e+01;4.765500000000000114e+01;3.986699999999999733e+01;7.434900000000000375e+01;5.243599999999999994e+01;5.151508333333333667e+01;2.669200000000000017e+01
4.932500000000000284e+01;2.668799999999999883e+01;3.386099999999999710e+01;8.642700000000000671e+01;3.286800000000000210e+01;4.414946153846155141e+01;6.225099999999999767e+01
4.056300000000000239e+01;5.550099999999999767e+01;5.244500000000000028e+01;4.414800000000000324e+01;6.222699999999999676e+01;5.479611538461538345e+01;3.481700000000000017e+01
2.498999999999999844e+01;2.364999999999999858e+01;1.732999999999999829e+01;7.150199999999999534e+01;3.688700000000000045e+01;5.783966666666666612e+01;4.086500000000000199e+01
7.582399999999999807e+01;8.198699999999999477e+01;7.453400000000000603e+01;4.662700000000000244e+01;9.498399999999999466e+01;6.743662499999999227e+01;5.823199999999999932e+01
3.014499999999999957e+01;4.556099999999999994e+01;3.940299999999999869e+01;5.330400000000000205e+01;5.329399999999999693e+01;5.949984615384614983e+01;3.014999999999999858e+01
3.750099999999999767e+01;5.126400000000000290e+01;3.960000000000000142e+01;5.325699999999999790e+01;5.377300000000000324e+01;6.062604000000000326e+01;2.576599999999999824e+01
5.053600000000000136e+01;5.814500000000000313e+01;5.816899999999999693e+01;2.744800000000000040e+01;6.632299999999999329e+01;4.354974999999998886e+01;4.620700000000000074e+01
3.220600000000000307e+01;4.329699999999999704e+01;2.540599999999999881e+01;3.080099999999999838e+01;3.916100000000000136e+01;5.198849999999999483e+01;3.072299999999999898e+01
4.512400000000000233e+01;3.436500000000000199e+01;3.755899999999999750e+01;6.374600000000000222e+01;2.704500000000000171e+01;3.849537500000000279e+01;5.849300000000000210e+01
4.405899999999999750e+01;2.517099999999999937e+01;3.585000000000000142e+01;6.736199999999999477e+01;2.760300000000000153e+01;3.802103999999999928e+01;4.834400000000000119e+01
1.541699999999999982e+01;3.711899999999999977e+01;2.474500000000000099e+01;6.030299999999999727e+01;4.080299999999999727e+01;4.607616666666666561e+01;2.712699999999999889e+01
3.185099999999999909e+01;2.460999999999999943e+01;1.427800000000000047e+01;5.886599999999999966e+01;2.130300000000000082e+01;4.637723076923076349e+01;4.459400000000000119e+01
6.888899999999999579e+01;4.827300000000000324e+01;4.844400000000000261e+01;1.154300000000000068e+02;5.093200000000000216e+01;5.111008000000000351e+01;8.394299999999999784e+01
6.507999999999999829e+01;8.169899999999999807e+01;7.813200000000000500e+01;1.127300000000000040e+02;9.372400000000000375e+01;6.759028000000000702e+01;5.637899999999999778e+01
3.459799999999999898e+01;2.844999999999999929e+01;1.962300000000000111e+01;5.842399999999999949e+01;1.983200000000000074e+01;4.208662499999999085e+01;5.313400000000000034e+01
1.476099999999999923e+01;3.683899999999999864e+01;2.990500000000000114e+01;3.765899999999999892e+01;2.700799999999999912e+01;5.320828000000000202e+01;2.783800000000000097e+01
4.347899999999999920e+01;3.797599999999999909e+01;4.010399999999999920e+01;6.193299999999999983e+01;3.418399999999999750e+01;4.381080000000000041e+01;4.476700000000000301e+01
2.604299999999999926e+01;2.388200000000000145e+01;2.154599999999999937e+01;4.614500000000000313e+01;2.263800000000000168e+01;3.476872000000000185e+01;2.535900000000000176e+01
3.951200000000000045e+01;2.540399999999999991e+01;2.867299999999999827e+01;6.965800000000000125e+01;2.028600000000000136e+01;3.816711999999998994e+01;3.382099999999999795e+01
1.770100000000000051e+01;1.560299999999999976e+01;1.805600000000000094e+01;3.618200000000000216e+01;1.651699999999999946e+01;3.678656000000000148e+01;1.979799999999999827e+01
3.502900000000000347e+01;3.198000000000000043e+01;2.858299999999999841e+01;7.351000000000000512e+01;2.709299999999999997e+01;4.048049999999999926e+01;3.479299999999999926e+01
2.533699999999999974e+01;2.032499999999999929e+01;1.945400000000000063e+01;4.483100000000000307e+01;2.680900000000000105e+01;3.106356000000000250e+01;2.362099999999999866e+01
1.876099999999999923e+01;2.069500000000000028e+01;2.074099999999999966e+01;4.579899999999999949e+01;2.805999999999999872e+01;3.465037499999999682e+01;2.437800000000000011e+01
3.302000000000000313e+01;2.687900000000000134e+01;2.377899999999999991e+01;3.400200000000000244e+01;1.846900000000000119e+01;3.674944444444444258e+01;2.128800000000000026e+01
4.808700000000000330e+01;4.802000000000000313e+01;3.615299999999999869e+01;7.303799999999999670e+01;4.723899999999999721e+01;4.551831851851852662e+01;4.109499999999999886e+01
5.696399999999999864e+01;4.869500000000000028e+01;5.367499999999999716e+01;8.551500000000000057e+01;4.951400000000000290e+01;4.716323076923077195e+01;5.285499999999999687e+01
3.496800000000000352e+01;2.788500000000000156e+01;2.882300000000000040e+01;7.212699999999999534e+01;2.047800000000000153e+01;3.958731999999999829e+01;2.174699999999999989e+01
3.953900000000000148e+01;2.507799999999999940e+01;1.936499999999999844e+01;3.263700000000000045e+01;1.960000000000000142e+01;4.040245833333332115e+01;1.912500000000000000e+01
2.769500000000000028e+01;2.925600000000000023e+01;2.858699999999999974e+01;6.409000000000000341e+01;2.658099999999999952e+01;6.452408333333332280e+01;2.561299999999999955e+01
4.072699999999999676e+01;1.786199999999999832e+01;2.657799999999999940e+01;7.165999999999999659e+01;2.152299999999999969e+01;4.847916666666665719e+01;4.995100000000000051e+01
4.842000000000000171e+01;3.062900000000000134e+01;2.585000000000000142e+01;2.620799999999999841e+01;3.399900000000000233e+01;3.621443333333333214e+01;4.950099999999999767e+01
1.723999999999999844e+01;2.201000000000000156e+01;2.242299999999999827e+01;5.820300000000000296e+01;2.166000000000000014e+01;3.914633333333332388e+01;2.353600000000000136e+01
3.653199999999999648e+01;2.548699999999999832e+01;1.742800000000000082e+01;2.297800000000000153e+01;2.069600000000000151e+01;3.351816666666666578e+01;1.568599999999999994e+01
1.865599999999999881e+01;1.391799999999999926e+01;1.982300000000000040e+01;4.540400000000000347e+01;1.317500000000000071e+01;4.416896666666666249e+01;1.621999999999999886e+01
2.373600000000000065e+01;1.096100000000000030e+01;1.514000000000000057e+01;4.271399999999999864e+01;1.034900000000000020e+01;3.604135999999999740e+01;1.848199999999999932e+01
3.316799999999999926e+01;1.423199999999999932e+01;2.192699999999999960e+01;6.044299999999999784e+01;1.520299999999999940e+01;4.477458333333333940e+01;1.268500000000000050e+01
1.366099999999999959e+01;2.260200000000000031e+01;5.818800000000000416e+00;4.363400000000000034e+01;1.306900000000000084e+01;3.909750000000001080e+01;1.309600000000000009e+01
4.405799999999999983e+01;4.279200000000000159e+01;2.824899999999999878e+01;8.166899999999999693e+01;4.698199999999999932e+01;4.933359999999999701e+01;4.719500000000000028e+01
1.355899999999999928e+01;2.194399999999999906e+01;1.320899999999999963e+01;2.550199999999999889e+01;1.477999999999999936e+01;1.830143999999999593e+01;2.131599999999999895e+01
2.141199999999999903e+01;1.541200000000000081e+01;1.067600000000000016e+01;4.508400000000000318e+01;1.944900000000000162e+01;2.588074399999999642e+01;1.934499999999999886e+01
2.423799999999999955e+01;1.736499999999999844e+01;1.469400000000000084e+01;5.545100000000000051e+01;2.068700000000000117e+01;4.015299999999999159e+01;2.487699999999999889e+01
1.572700000000000031e+01;1.214000000000000057e+01;2.017800000000000082e+01;2.707100000000000151e+01;1.381700000000000017e+01;2.632723999999999975e+01;1.248799999999999955e+01
3.457900000000000063e+01;3.964600000000000080e+01;2.310900000000000176e+01;5.883400000000000318e+01;3.147800000000000153e+01;3.011011538461538706e+01;3.544800000000000040e+01
7.031399999999999295e+01;8.765600000000000591e+01;6.227799999999999869e+01;1.163900000000000006e+02;7.398499999999999943e+01;6.903608333333333746e+01;8.691400000000000148e+01
1.958999999999999986e+01;1.972800000000000153e+01;1.059299999999999997e+01;4.255499999999999972e+01;6.936300000000000132e+00;2.230000833333332722e+01;1.296400000000000041e+01
2.964300000000000068e+01;2.325799999999999912e+01;2.794000000000000128e+01;4.662700000000000244e+01;1.596799999999999997e+01;3.066491999999999862e+01;2.506200000000000117e+01
1.171700000000000053e+01;2.147100000000000009e+01;1.296100000000000030e+01;2.583699999999999974e+01;1.332300000000000040e+01;1.938669999999999760e+01;2.163299999999999912e+01
3.685600000000000165e+01;4.228900000000000148e+01;2.061700000000000088e+01;6.505700000000000216e+01;3.621300000000000097e+01;3.660788461538461291e+01;3.998499999999999943e+01
5.022800000000000153e+01;7.207999999999999829e+01;5.501200000000000045e+01;8.956199999999999761e+01;4.574699999999999989e+01;5.693383333333332530e+01;3.888000000000000256e+01
1.843299999999999983e+01;8.796499999999999986e+00;1.049499999999999922e+01;2.995100000000000051e+01;9.893599999999999284e+00;2.450407200000000429e+01;1.499300000000000033e+01
3.092399999999999949e+01;1.759799999999999898e+01;1.206000000000000050e+01;5.751100000000000279e+01;3.115500000000000114e+01;3.302533333333333587e+01;3.515400000000000347e+01
4.113600000000000279e+01;2.349699999999999989e+01;3.853499999999999659e+01;4.739900000000000091e+01;2.115399999999999991e+01;5.637792000000001025e+01;4.064200000000000301e+01
6.483899999999999864e+01;6.246399999999999864e+01;6.534000000000000341e+01;6.014600000000000080e+01;6.197500000000000142e+01;1.239930416666666524e+01;6.083700000000000330e+01
1.441899999999999977e+02;1.468600000000000136e+02;1.639399999999999977e+02;1.923799999999999955e+02;1.628600000000000136e+02;5.450148000000000792e+01;1.902800000000000011e+02
6.588700000000000045e+01;8.598499999999999943e+01;5.772200000000000131e+01;1.149599999999999937e+02;7.564000000000000057e+01;7.024770833333330700e+01;8.939600000000000080e+01
3.649099999999999966e+01;4.639600000000000080e+01;4.428699999999999903e+01;3.387100000000000222e+01;4.347800000000000153e+01;1.004221999999999859e+01;2.934199999999999875e+01
1.779099999999999966e+02;1.303199999999999932e+02;1.760900000000000034e+02;6.017699999999999960e+01;1.800099999999999909e+02;2.139161250000000223e+02;1.636500000000000057e+02
1.261500000000000057e+02;1.604199999999999875e+02;1.325999999999999943e+02;1.407899999999999920e+02;4.893000000000000114e+02;1.109070461538461529e+02;1.423299999999999955e+03
2.434399999999999977e+02;2.924300000000000068e+02;3.000299999999999727e+02;2.900500000000000114e+02;2.935400000000000205e+02;3.449724000000000501e+02;2.652599999999999909e+02
1.542099999999999909e+03;1.786599999999999909e+03;1.868500000000000000e+03;1.422500000000000000e+03;1.811700000000000045e+03;2.350726400000000069e+02;5.090600000000000000e+04
1.179800000000000040e+02;9.302200000000000557e+01;9.849699999999999989e+01;1.238400000000000034e+02;1.041299999999999955e+02;1.267782962962962756e+02;1.126400000000000006e+02
1.337500000000000000e+02;1.095199999999999960e+02;9.119400000000000261e+01;1.020900000000000034e+02;1.315300000000000011e+02;2.313765384615383880e+02;1.822599999999999909e+03
2.304399999999999977e+02;1.685699999999999932e+02;2.068600000000000136e+02;2.338899999999999864e+02;1.755399999999999920e+02;2.607257199999999671e+02;1.807500000000000000e+02
5.558500000000000085e+01;2.335900000000000034e+02;1.611399999999999864e+02;1.334499999999999886e+02;2.677099999999999795e+02;1.738500799999999913e+02;8.442899999999999636e+02
1.012999999999999972e+02;8.153100000000000591e+01;9.342799999999999727e+01;9.938500000000000512e+01;1.231099999999999994e+02;1.396712916666666331e+02;3.541800000000000068e+02
4.541000000000000227e+02;2.541100000000000136e+02;2.914399999999999977e+02;3.504399999999999977e+02;2.892300000000000182e+02;8.580243999999997868e+02;4.253000000000000114e+02
9.617100000000000364e+02;7.180399999999999636e+02;6.771900000000000546e+02;1.014000000000000000e+03;6.687699999999999818e+02;1.367330416666666679e+03;9.348799999999999955e+02
9.817499999999999716e+01;9.053799999999999670e+01;8.358199999999999363e+01;9.379099999999999682e+01;9.274899999999999523e+01;1.410659200000000055e+02;9.866599999999999682e+01
2.936700000000000159e+02;2.770500000000000114e+02;2.725000000000000000e+02;2.978999999999999773e+02;2.704100000000000250e+02;2.684632000000000289e+02;2.941600000000000250e+02
1.645300000000000011e+02;1.614699999999999989e+02;1.172199999999999989e+02;6.881000000000000227e+01;9.734900000000000375e+01;2.293727083333332644e+02;1.293199999999999932e+02
1.739900000000000091e+02;2.152500000000000000e+02;2.191800000000000068e+02;1.908700000000000045e+02;2.132899999999999920e+02;2.116716800000000376e+02;2.169300000000000068e+02
1.081400000000000006e+02;1.848300000000000125e+02;2.181200000000000045e+02;2.590099999999999909e+02;1.989499999999999886e+02;2.366043846153845891e+02;1.958400000000000034e+02
3.873799999999999955e+02;3.711499999999999773e+02;3.260500000000000114e+02;3.530400000000000205e+02;3.595099999999999909e+02;3.412900000000000773e+02;3.910600000000000023e+02
1.380399999999999920e+02;5.237599999999999767e+01;9.026699999999999591e+01;9.727400000000000091e+01;5.607399999999999807e+01;2.229830000000000325e+02;7.221499999999999773e+02
2.558100000000000023e+02;2.778999999999999773e+02;2.069900000000000091e+02;2.174000000000000057e+02;2.306399999999999864e+02;2.860327599999999961e+02;2.392400000000000091e+02
1.550399999999999920e+02;1.719000000000000057e+02;1.520099999999999909e+02;1.194899999999999949e+02;1.607800000000000011e+02;1.447836400000000197e+02;1.471100000000000136e+02
1.385399999999999920e+02;1.390699999999999932e+02;1.336100000000000136e+02;1.294300000000000068e+02;1.306500000000000057e+02;2.324962500000000034e+02;1.116599999999999966e+02
1.264899999999999949e+02;1.577800000000000011e+02;1.301800000000000068e+02;2.295099999999999909e+02;1.492299999999999898e+02;1.460449583333333692e+02;1.542400000000000091e+02
1.943600000000000136e+02;1.617400000000000091e+02;1.407700000000000102e+02;3.195500000000000114e+02;1.602299999999999898e+02;1.843600000000000136e+02;2.308199999999999932e+02
7.926800000000000068e+01;8.102700000000000102e+01;7.266500000000000625e+01;2.087700000000000102e+02;8.110399999999999920e+01;1.438221923076922906e+02;1.136599999999999966e+02
1.809399999999999977e+02;1.742199999999999989e+02;1.767400000000000091e+02;1.109300000000000068e+02;1.671800000000000068e+02;2.094792000000000201e+02;1.662299999999999898e+02
1.351999999999999886e+02;1.083400000000000034e+02;7.280100000000000193e+01;2.605199999999999818e+02;8.157899999999999352e+01;1.786911999999999807e+02;1.674499999999999886e+02
9.206699999999999307e+01;9.919499999999999318e+01;7.975600000000000023e+01;2.029099999999999966e+02;9.506799999999999784e+01;1.322906400000000247e+02;1.318799999999999955e+02
7.831499999999999773e+01;8.147700000000000387e+01;7.400700000000000500e+01;1.750600000000000023e+02;7.538200000000000500e+01;1.044647916666666703e+02;9.546299999999999386e+01
1.398300000000000125e+02;1.686800000000000068e+02;1.490900000000000034e+02;2.141699999999999875e+02;1.596699999999999875e+02;1.665024583333333226e+02;1.783799999999999955e+02
9.115800000000000125e+01;8.636599999999999966e+01;5.978000000000000114e+01;2.244600000000000080e+02;8.304800000000000182e+01;1.409445769230769372e+02;1.525699999999999932e+02
1.534799999999999898e+02;1.404300000000000068e+02;1.149000000000000057e+02;2.687200000000000273e+02;1.449799999999999898e+02;1.589228000000000236e+02;1.861699999999999875e+02
7.191800000000000637e+01;8.589400000000000546e+01;5.630799999999999983e+01;2.046599999999999966e+02;9.214700000000000557e+01;1.190857600000000218e+02;1.110000000000000000e+02
7.207699999999999818e+01;7.072899999999999920e+01;5.857500000000000284e+01;1.577599999999999909e+02;7.112800000000000011e+01;8.834542307692308327e+01;1.092199999999999989e+02
5.756099999999999994e+01;5.900900000000000034e+01;8.370600000000000307e+01;1.156299999999999955e+02;4.020199999999999818e+01;9.283008000000000948e+01;7.210599999999999454e+01
1.246400000000000006e+02;8.579900000000000659e+01;9.215200000000000102e+01;2.481399999999999864e+02;9.238800000000000523e+01;1.288842800000000182e+02;1.341100000000000136e+02
1.073799999999999955e+02;1.006500000000000057e+02;1.112699999999999960e+02;5.484899999999999665e+01;7.359000000000000341e+01;1.414659166666666863e+02;6.067000000000000171e+01
1.435300000000000011e+02;9.760500000000000398e+01;1.103900000000000006e+02;2.404699999999999989e+02;9.709000000000000341e+01;1.208342083333333221e+02;1.095999999999999943e+02
6.941800000000000637e+01;6.202400000000000091e+01;4.491799999999999926e+01;1.100999999999999943e+02;6.615099999999999625e+01;8.744941666666666436e+01;8.928400000000000603e+01
7.976699999999999591e+01;7.499299999999999500e+01;5.249499999999999744e+01;1.799300000000000068e+02;9.195799999999999841e+01;9.819604166666664469e+01;1.249899999999999949e+02
1.626500000000000057e+02;1.499799999999999898e+02;1.582100000000000080e+02;2.425399999999999920e+02;1.449000000000000057e+02;1.395315384615384460e+02;1.808100000000000023e+02
7.015099999999999625e+01;6.773999999999999488e+01;3.599600000000000222e+01;3.924099999999999966e+01;7.530599999999999739e+01;6.130984615384615211e+01;5.270400000000000063e+01
1.179500000000000028e+02;1.086099999999999994e+02;1.387700000000000102e+02;8.981900000000000261e+01;1.010199999999999960e+02;1.586192000000000348e+02;1.051899999999999977e+02
4.843399999999999750e+01;9.826200000000000045e+01;7.204000000000000625e+01;1.075699999999999932e+02;6.329500000000000171e+01;5.744803703703704656e+01;7.993899999999999295e+01
2.144799999999999898e+02;1.222300000000000040e+02;1.342299999999999898e+02;1.246899999999999977e+02;1.170199999999999960e+02;1.739926666666666790e+02;1.999399999999999977e+02
1.948799999999999955e+02;1.457100000000000080e+02;1.370999999999999943e+02;1.630800000000000125e+02;1.632899999999999920e+02;1.270597083333333472e+02;1.763000000000000114e+02
1.756999999999999886e+02;1.374699999999999989e+02;1.365600000000000023e+02;2.034900000000000091e+02;1.473600000000000136e+02;1.213576666666666597e+02;1.774799999999999898e+02
8.706000000000000227e+01;7.720099999999999341e+01;6.925100000000000477e+01;9.160899999999999466e+01;6.688400000000000034e+01;1.682167200000000093e+02;8.832299999999999329e+01
1.443499999999999943e+02;1.184300000000000068e+02;1.132099999999999937e+02;1.314600000000000080e+02;1.039300000000000068e+02;1.345309583333333308e+02;1.142900000000000063e+02
2.960200000000000031e+01;3.093900000000000006e+01;1.908500000000000085e+01;2.884100000000000108e+01;3.232600000000000051e+01;3.075433333333333863e+01;3.719500000000000028e+01
4.695700000000000074e+01;4.188900000000000290e+01;2.985099999999999909e+01;7.528000000000000114e+01;3.210999999999999943e+01;3.932413043478261017e+01;3.292999999999999972e+01
2.450900000000000034e+02;2.149600000000000080e+02;2.356899999999999977e+02;2.416299999999999955e+02;2.170000000000000000e+02;1.272320833333333354e+02;2.705000000000000000e+02
8.611499999999999488e+01;9.408700000000000330e+01;8.491700000000000159e+01;1.076500000000000057e+02;6.995099999999999341e+01;1.823141666666666936e+02;6.681000000000000227e+01
4.465500000000000114e+01;3.403199999999999648e+01;4.269400000000000261e+01;7.065999999999999659e+01;3.953399999999999892e+01;6.798166666666665492e+01;4.672999999999999687e+01
1.633000000000000114e+02;1.994499999999999886e+02;1.554900000000000091e+02;1.809900000000000091e+02;1.873600000000000136e+02;1.849086296296296439e+02;1.865200000000000102e+02
8.915500000000000114e+01;7.250900000000000034e+01;6.920199999999999818e+01;1.566100000000000136e+02;6.530400000000000205e+01;1.494323478260869535e+02;4.829899999999999949e+01
1.642100000000000080e+02;1.432500000000000000e+02;1.167600000000000051e+02;1.347899999999999920e+02;1.395000000000000000e+02;1.231270416666666705e+02;1.156099999999999994e+02
2.061200000000000045e+02;1.395900000000000034e+02;8.871399999999999864e+01;9.730599999999999739e+01;1.282800000000000011e+02;1.687867500000000121e+02;1.117099999999999937e+02
8.783700000000000330e+01;1.004399999999999977e+02;8.671200000000000330e+01;1.202999999999999972e+02;7.566100000000000136e+01;1.459269999999999925e+02;1.016599999999999966e+02
1.405699999999999932e+02;1.684900000000000091e+02;1.544600000000000080e+02;2.785500000000000114e+02;1.460399999999999920e+02;1.721290416666666658e+02;2.405000000000000000e+02
1.010699999999999932e+02;8.534499999999999886e+01;8.259099999999999397e+01;1.159300000000000068e+02;7.325100000000000477e+01;1.812927083333333655e+02;8.247299999999999898e+01
1.189099999999999966e+02;9.286499999999999488e+01;6.916700000000000159e+01;1.134800000000000040e+02;7.542799999999999727e+01;5.777128000000000441e+01;1.098700000000000045e+02
7.930299999999999727e+01;5.323199999999999932e+01;3.383299999999999841e+01;1.027399999999999949e+02;3.511899999999999977e+01;7.420296000000000447e+01;7.093500000000000227e+01
1.294900000000000091e+02;1.429499999999999886e+02;1.400200000000000102e+02;1.450000000000000000e+02;1.214399999999999977e+02;6.900032000000000210e+01;1.383000000000000114e+02
5.225999999999999801e+01;4.281300000000000239e+01;5.410199999999999676e+01;3.671900000000000119e+01;4.741899999999999693e+01;7.810776923076923595e+01;4.416700000000000159e+01
1.221500000000000057e+02;8.563500000000000512e+01;7.354900000000000659e+01;1.155300000000000011e+02;7.382399999999999807e+01;4.057468000000000075e+01;1.141099999999999994e+02
9.891800000000000637e+01;6.643000000000000682e+01;7.259900000000000375e+01;1.148100000000000023e+02;7.700600000000000023e+01;7.808368000000001530e+01;7.914400000000000546e+01
1.131200000000000045e+02;6.413899999999999579e+01;4.889200000000000301e+01;5.518500000000000227e+01;4.221699999999999875e+01;4.751534615384615279e+01;1.045300000000000011e+02
1.070699999999999932e+02;6.938800000000000523e+01;5.694400000000000261e+01;1.675399999999999920e+02;5.641100000000000136e+01;7.483818518518518204e+01;9.293699999999999761e+01
1.180300000000000011e+02;8.468699999999999761e+01;6.206000000000000227e+01;1.819699999999999989e+02;7.213100000000000023e+01;5.117915999999998888e+01;1.094500000000000028e+02
1.251200000000000045e+02;1.006800000000000068e+02;7.496200000000000330e+01;1.932700000000000102e+02;7.289600000000000080e+01;6.495908333333333928e+01;1.114200000000000017e+02
4.649600000000000222e+01;6.539300000000000068e+01;5.075999999999999801e+01;6.070199999999999818e+01;3.858100000000000307e+01;8.527815384615382754e+01;4.729299999999999926e+01
8.672499999999999432e+01;5.870600000000000307e+01;6.373100000000000165e+01;1.009099999999999966e+02;4.132200000000000273e+01;6.428603999999999985e+01;8.098600000000000421e+01
4.677799999999999869e+01;2.538899999999999935e+01;2.135600000000000165e+01;6.568699999999999761e+01;1.775000000000000000e+01;5.783092307692307088e+01;3.319200000000000017e+01
8.956799999999999784e+01;6.023199999999999932e+01;8.685200000000000387e+01;9.470399999999999352e+01;6.205700000000000216e+01;7.772788000000001318e+01;8.685099999999999909e+01
1.019000000000000057e+02;6.551600000000000534e+01;5.275699999999999790e+01;9.486700000000000443e+01;5.722899999999999920e+01;7.772583333333331268e+01;9.164600000000000080e+01
1.167900000000000063e+02;1.321399999999999864e+02;1.247300000000000040e+02;7.982200000000000273e+01;1.109500000000000028e+02;6.624295833333333405e+01;1.267699999999999960e+02
1.739199999999999946e+01;3.697500000000000142e+01;3.179200000000000159e+01;6.147299999999999898e+01;3.224499999999999744e+01;6.457244000000000028e+01;3.726299999999999812e+01
1.233900000000000006e+02;9.716800000000000637e+01;8.313400000000000034e+01;1.915099999999999909e+02;8.437099999999999511e+01;8.143152000000000612e+01;1.231500000000000057e+02
8.535200000000000387e+01;1.088400000000000034e+02;9.578600000000000136e+01;8.341899999999999693e+01;8.251800000000000068e+01;6.019968000000000785e+01;9.225300000000000011e+01
8.003600000000000136e+01;4.928099999999999881e+01;7.452299999999999613e+01;6.830700000000000216e+01;5.165899999999999892e+01;7.900548000000000570e+01;7.689199999999999591e+01
1.166900000000000048e+01;1.993499999999999872e+01;9.970000000000000639e+00;9.070399999999999352e+00;2.559900000000000020e+01;1.402926000000000073e+01;8.679100000000000037e+00
7.284900000000000375e+00;1.984299999999999997e+01;5.607300000000000395e+00;1.546100000000000030e+01;1.373499999999999943e+01;1.004329200000000277e+01;1.220100000000000051e+01
2.564099999999999824e+01;3.373899999999999721e+01;1.849800000000000111e+01;2.704299999999999926e+01;3.148100000000000165e+01;1.121530740740740839e+01;1.530000000000000071e+01
2.019200000000000017e+01;2.187500000000000000e+01;1.925600000000000023e+01;2.670299999999999940e+01;2.047100000000000009e+01;1.619436800000000076e+01;2.292899999999999849e+01
1.320100000000000051e+01;1.850600000000000023e+01;1.046700000000000053e+01;1.510800000000000054e+01;1.589499999999999957e+01;1.964429629629630014e+01;2.090700000000000003e+01
6.185799999999999699e+01;5.920000000000000284e+01;6.590000000000000568e+01;7.630200000000000671e+01;6.133500000000000085e+01;2.969145833333333329e+01;6.023299999999999699e+01
1.589300000000000068e+01;9.998699999999999477e+00;1.375900000000000034e+01;1.671300000000000097e+01;1.240700000000000003e+01;1.698046249999999802e+01;1.174900000000000055e+01
1.935600000000000165e+01;1.699399999999999977e+01;1.750000000000000000e+01;2.555900000000000105e+01;2.333699999999999974e+01;2.100202799999999925e+01;2.131599999999999895e+01
1.342500000000000071e+01;2.073799999999999955e+01;1.552699999999999925e+01;2.151099999999999923e+01;1.021100000000000030e+01;2.281445599999999629e+01;1.568999999999999950e+01
9.705700000000000216e+01;4.687599999999999767e+01;4.569400000000000261e+01;1.305099999999999909e+02;4.491100000000000136e+01;8.021526923076922344e+01;3.235399999999999920e+01
0;0;0;0;0;0;0
9.727200000000000557e+01;4.165999999999999659e+01;3.849799999999999756e+01;6.039200000000000301e+01;3.541700000000000159e+01;7.820062499999998806e+01;3.587100000000000222e+01
1.834299999999999997e+01;1.899899999999999878e+01;2.983800000000000097e+01;2.393599999999999994e+01;1.560299999999999976e+01;1.217189583333333580e+01;2.440200000000000102e+01
2.681200000000000117e+01;3.323700000000000188e+01;2.295599999999999952e+01;2.353000000000000114e+01;1.560300000000000011e+02;2.987917500000000359e+01;3.734899999999999665e+01
2.395600000000000023e+02;2.596200000000000045e+02;2.708600000000000136e+02;2.113899999999999864e+02;2.389900000000000091e+02;1.818872800000000041e+02;2.293600000000000136e+02
2.704200000000000159e+02;2.759300000000000068e+02;2.990099999999999909e+02;2.470900000000000034e+02;2.660899999999999750e+02;1.748168333333333351e+02;2.563999999999999773e+02
1.931200000000000045e+02;2.073899999999999864e+02;2.181399999999999864e+02;2.478100000000000023e+02;2.196399999999999864e+02;1.355188799999999958e+02;2.267400000000000091e+02
7.843200000000000216e+01;6.641400000000000148e+01;7.316100000000000136e+01;7.365699999999999648e+01;8.556600000000000250e+01;1.027644166666666621e+02;1.426699999999999875e+02
9.606799999999999784e+01;9.014100000000000534e+01;8.687399999999999523e+01;1.022999999999999972e+02;9.387800000000000011e+01;8.867115999999998621e+01;1.762100000000000080e+02
8.877900000000000347e+00;6.460200000000000387e+00;5.245300000000000296e+00;1.964499999999999957e+01;9.060800000000000409e+00;1.377821153846153912e+01;9.374599999999999156e+00
4.882900000000000063e+01;4.354699999999999704e+01;4.456600000000000250e+01;1.066299999999999955e+02;5.017999999999999972e+01;6.736995833333332939e+01;6.552800000000000580e+01
4.491299999999999670e+01;5.724399999999999977e+01;3.346699999999999875e+01;8.479300000000000637e+01;3.637299999999999756e+01;1.074831785714285814e+02;3.385199999999999676e+01
6.126500000000000057e+01;1.021299999999999955e+02;8.889300000000000068e+01;1.317899999999999920e+02;1.125600000000000023e+02;9.857354166666667084e+01;1.567599999999999909e+02
4.835099999999999909e+01;6.856100000000000705e+01;3.535399999999999920e+01;8.219899999999999807e+01;6.117000000000000171e+01;6.196539130434782550e+01;4.066400000000000148e+01
3.869400000000000261e+01;3.065299999999999869e+01;3.721399999999999864e+01;7.276600000000000534e+01;4.349399999999999977e+01;7.043487499999999102e+01;4.023499999999999943e+01
3.466100000000000136e+01;3.773700000000000188e+01;3.076999999999999957e+01;3.940599999999999881e+01;3.233500000000000085e+01;8.616166666666666174e+01;3.888499999999999801e+01
2.429100000000000037e+01;2.627199999999999847e+01;2.271999999999999886e+01;3.076399999999999935e+01;2.540700000000000003e+01;1.977558333333333351e+01;2.010699999999999932e+01
5.157900000000000063e+01;4.002700000000000102e+01;3.756000000000000227e+01;6.729600000000000648e+01;3.546800000000000352e+01;7.122945833333332644e+01;4.722200000000000131e+01
6.736100000000000421e+01;6.408799999999999386e+01;4.991400000000000148e+01;7.136400000000000432e+01;4.889000000000000057e+01;8.397008333333334917e+01;6.818600000000000705e+01
8.348499999999999943e+01;7.526399999999999579e+01;5.155599999999999739e+01;1.080999999999999943e+02;5.452900000000000347e+01;9.494987999999999317e+01;7.480400000000000205e+01
1.297599999999999909e+02;7.252800000000000580e+01;7.452800000000000580e+01;7.463599999999999568e+01;7.754500000000000171e+01;1.113017083333333090e+02;7.001099999999999568e+01
3.806499999999999773e+01;5.365100000000000335e+01;4.434599999999999653e+01;5.774399999999999977e+01;3.849699999999999989e+01;3.730184000000000566e+01;4.238600000000000279e+01
4.987199999999999989e+01;3.359100000000000108e+01;2.138700000000000045e+01;6.978100000000000591e+01;3.276100000000000279e+01;7.162968000000000757e+01;3.666599999999999682e+01
8.114700000000000557e+01;5.107099999999999795e+01;4.439300000000000068e+01;6.958100000000000307e+01;9.089600000000000080e+01;1.239384583333333154e+02;8.301500000000000057e+01
9.265000000000000568e+01;6.035199999999999676e+01;6.092300000000000182e+01;5.209300000000000352e+01;4.959599999999999653e+01;8.962851851851850427e+01;6.057099999999999795e+01
3.276100000000000279e+01;5.439600000000000080e+01;3.290200000000000102e+01;5.044100000000000250e+01;3.204800000000000182e+01;7.550537500000000080e+01;3.036199999999999832e+01
9.573699999999999477e+01;9.070499999999999829e+01;8.260899999999999466e+01;1.093100000000000023e+02;7.508299999999999841e+01;6.837369565217389322e+01;8.558799999999999386e+01
4.351500000000000057e+01;6.386599999999999966e+01;5.308500000000000085e+01;6.799200000000000443e+01;5.074600000000000222e+01;3.772175000000000011e+01;5.402600000000000335e+01
7.031300000000000239e+01;5.153399999999999892e+01;5.242799999999999727e+01;2.894399999999999906e+01;4.250200000000000244e+01;4.896752000000000038e+01;5.278900000000000148e+01
6.906499999999999773e+01;5.951400000000000290e+01;6.119500000000000028e+01;7.897700000000000387e+01;6.591599999999999682e+01;5.438704166666666850e+01;7.821699999999999875e+01
3.354899999999999949e+01;2.465500000000000114e+01;2.451599999999999824e+01;3.545100000000000051e+01;3.327300000000000324e+01;4.835438461538461752e+01;4.379800000000000182e+01
5.572899999999999920e+01;6.579300000000000637e+01;5.227799999999999869e+01;4.037400000000000233e+01;7.093600000000000705e+01;6.624512500000000159e+01;8.283100000000000307e+01
5.344400000000000261e+01;5.259300000000000352e+01;3.643999999999999773e+01;5.627000000000000313e+01;4.118500000000000227e+01;7.315260000000000673e+01;4.715999999999999659e+01
3.804999999999999716e+01;3.780100000000000193e+01;2.340800000000000125e+01;2.671499999999999986e+01;5.022399999999999665e+01;3.251441666666666919e+01;4.371600000000000108e+01
5.428999999999999915e+01;6.888800000000000523e+01;6.173599999999999710e+01;6.289000000000000057e+01;5.765599999999999881e+01;1.077988000000000000e+02;7.574299999999999500e+01
3.256099999999999994e+01;2.622599999999999909e+01;3.287899999999999778e+01;5.047299999999999898e+01;3.229800000000000182e+01;1.387929166666666880e+01;4.763400000000000034e+01
1.311899999999999977e+02;8.398900000000000432e+01;9.601900000000000546e+01;1.472400000000000091e+02;1.131299999999999955e+02;1.094018888888888625e+02;1.436500000000000057e+02
7.249099999999999966e+01;6.990000000000000568e+01;8.309199999999999875e+01;7.531300000000000239e+01;8.502599999999999625e+01;5.685331999999999653e+01;9.391299999999999670e+01
7.435899999999999466e+01;6.977599999999999625e+01;6.582999999999999829e+01;6.122200000000000131e+01;5.622599999999999909e+01;9.648631999999999209e+01;4.932000000000000028e+01
1.146800000000000068e+02;7.165099999999999625e+01;8.843000000000000682e+01;4.910600000000000165e+01;1.371200000000000045e+02;9.593561538461538873e+01;1.807400000000000091e+02
1.342100000000000080e+02;1.484600000000000080e+02;1.409900000000000091e+02;1.068400000000000034e+02;1.460300000000000011e+02;3.284366666666666390e+01;1.250000000000000000e+02
6.558499999999999375e+01;5.449799999999999756e+01;6.297200000000000131e+01;5.251800000000000068e+01;6.599800000000000466e+01;6.577303703703705651e+01;7.373799999999999955e+01
5.086600000000000250e+02;5.392699999999999818e+02;5.284600000000000364e+02;4.421100000000000136e+02;4.938700000000000045e+02;7.637527999999998940e+01;5.295700000000000500e+02
6.860899999999999466e+01;6.128000000000000114e+01;5.927100000000000080e+01;7.237399999999999523e+01;4.403600000000000136e+01;7.614688461538462150e+01;6.656100000000000705e+01
4.850200000000000244e+01;3.530700000000000216e+01;3.985300000000000153e+01;4.870700000000000074e+01;4.377000000000000313e+01;7.335211111111109972e+01;4.233599999999999852e+01
2.939300000000000068e+01;3.215400000000000347e+01;1.817699999999999960e+01;2.730900000000000105e+01;3.509499999999999886e+01;4.398175862068965358e+01;4.900800000000000267e+01
3.634300000000000352e+01;4.499199999999999733e+01;3.091600000000000037e+01;3.342900000000000205e+01;5.199399999999999977e+01;4.812985185185185344e+01;5.877400000000000091e+01
6.490099999999999625e+01;6.047099999999999653e+01;7.086599999999999966e+01;7.289600000000000080e+01;5.356300000000000239e+01;9.075426923076923558e+00;5.681700000000000017e+01
3.514500000000000313e+01;3.435900000000000176e+01;1.986400000000000077e+01;3.092999999999999972e+01;4.277900000000000347e+01;2.757272000000000034e+01;3.770000000000000284e+01
1.656500000000000128e+01;2.717699999999999960e+01;1.044999999999999929e+01;1.835399999999999920e+01;2.880300000000000082e+01;3.787928000000000139e+01;3.455899999999999750e+01
